assetId,sensorId,sensorName,sensorType,UP_Acceleration_X_rms,UP_Acceleration_Y_rms,UP_Acceleration_Z_rms,DN_Acceleration_X_rms,DN_Acceleration_Y_rms,DN_Acceleration_Z_rms,Audio_Noise_rms,Temperature,LOT_ID,SubstrateID,SubstType,SubstLocation,ProcessJobID,ControlJobID,RecipeName
Robot02,V01,V01,Vibration,0.316350563,0.671794468,4.140868023,0.523262256,1.111653229,4.085125352,61.31165092,30,LOT01,P12B000001,Substrate,TransArm,PJ1,CJ1,RCP01
Robot02,V01,V01,Vibration,0.311651143,0.639366505,4.138855822,0.525444811,1.097105381,4.082427005,61.29308818,31,LOT01,P12B000001,Substrate,TransArm,PJ1,CJ1,RCP01
Robot02,V01,V01,Vibration,0.307955419,0.613297515,4.135574123,0.528384195,1.07715271,4.08733188,61.2683757,32,LOT01,P12B000001,Substrate,TransArm,PJ1,CJ1,RCP01
Robot02,V01,V01,Vibration,0.309469814,0.606128721,4.133284222,0.53163496,1.083862212,4.093432402,61.24877751,32,LOT01,P12B000001,Substrate,TransArm,PJ1,CJ1,RCP01
Robot02,V01,V01,Vibration,0.311607335,0.609963999,4.131372222,0.536097005,1.092950953,4.100223818,61.24166144,31,LOT01,P12B000001,Substrate,TransArm,PJ1,CJ1,RCP01
Robot02,V01,V01,Vibration,0.312054896,0.624068376,4.129050347,0.541933085,1.103580713,4.102780382,61.24475852,30,LOT01,P12B000001,Substrate,TransArm,PJ1,CJ1,RCP01
Robot02,V01,V01,Vibration,0.313137467,0.639969684,4.127224075,0.547245567,1.10814608,4.102571869,61.25120535,30,LOT01,P12B000001,Substrate,TransArm,PJ1,CJ1,RCP01
Robot02,V01,V01,Vibration,0.314936668,0.653044139,4.126556337,0.549888513,1.109115401,4.099968732,61.25211607,31,LOT01,P12B000001,Substrate,TransArm,PJ1,CJ1,RCP01
Robot02,V01,V01,Vibration,0.31748493,0.65834733,4.127509691,0.548605908,1.103515703,4.095882533,61.2426363,31,LOT01,P12B000001,Substrate,TransArm,PJ1,CJ1,RCP01
Robot02,V01,V01,Vibration,0.319830238,0.656642364,4.129319904,0.543864774,1.09463592,4.090430376,61.22374997,30,LOT01,P12B000001,Substrate,TransArm,PJ1,CJ1,RCP01
Robot02,V01,V01,Vibration,0.320354158,0.649181879,4.131739428,0.537524503,1.084578717,4.083787009,61.20119991,30,LOT01,P12B000001,Substrate,TransArm,PJ1,CJ1,RCP01
Robot02,V01,V01,Vibration,0.316425867,0.639466131,4.133781059,0.531933579,1.07812351,4.07602694,61.18163856,31,LOT01,P12B000001,Substrate,TransArm,PJ1,CJ1,RCP01
Robot02,V01,V01,Vibration,0.307704389,0.629730094,4.134838349,0.528438031,1.077855031,4.067399364,61.16966917,31,LOT01,P12B000001,Substrate,TransArm,PJ1,CJ1,RCP01
Robot02,V01,V01,Vibration,0.297114212,0.620440856,4.134644348,0.527263564,1.083453741,4.059149342,61.16681567,30.5,LOT01,P12B000001,Substrate,TransArm,PJ1,CJ1,RCP01
Robot02,V01,V01,Vibration,0.289665837,0.612689662,4.133188537,0.52776981,1.089678084,4.052453607,61.17232373,31,LOT01,P12B000001,Substrate,TransArm,PJ1,CJ1,RCP01
Robot02,V01,V01,Vibration,0.291285416,0.606639282,4.130446243,0.529021999,1.092208215,4.048840635,61.18474395,31,LOT01,P12B000001,Substrate,TransArm,PJ1,CJ1,RCP01
Robot02,V01,V01,Vibration,0.304600651,0.603624455,4.126624708,0.530658261,1.088955858,4.049140813,61.20373675,31,LOT01,P12B000001,Substrate,TransArm,PJ1,CJ1,RCP01
Robot02,V01,V01,Vibration,0.3258,0.602988663,4.122204872,0.532126063,1.080912132,4.052801855,61.23064399,31,LOT01,P12B000002,Substrate,TransArm,PJ1,CJ1,RCP01
Robot02,V01,V01,Vibration,0.348085131,0.604516758,4.11821082,0.533353527,1.072314537,4.058311774,61.26888936,30,LOT01,P12B000002,Substrate,TransArm,PJ1,CJ1,RCP01
Robot02,V01,V01,Vibration,0.361159375,0.607655564,4.115844982,0.53429461,1.068034411,4.063791773,61.3221272,30,LOT01,P12B000002,Substrate,TransArm,PJ1,CJ1,RCP01
Robot02,V01,V01,Vibration,0.359128826,0.611968701,4.115688997,0.53470162,1.070792671,4.068022923,61.3890371,31,LOT01,P12B000002,Substrate,TransArm,PJ1,CJ1,RCP01
Robot02,V01,V01,Vibration,0.343510275,0.617298642,4.117415232,0.534597347,1.079506781,4.070758666,61.45688054,31,LOT01,P12B000002,Substrate,TransArm,PJ1,CJ1,RCP01
Robot02,V01,V01,Vibration,0.322924811,0.623616972,4.1200202,0.53382148,1.090289895,4.072483612,61.50331661,31.5,LOT01,P12B000002,Substrate,TransArm,PJ1,CJ1,RCP01
Robot02,V01,V01,Vibration,0.305377059,0.630915909,4.122442572,0.532230164,1.098448233,4.073933156,61.50313205,30.5,LOT01,P12B000002,Substrate,TransArm,PJ1,CJ1,RCP01
Robot02,V01,V01,Vibration,0.2965207,0.638691122,4.123941334,0.53000828,1.100682205,4.075523401,61.44736211,31,LOT01,P12B000002,Substrate,TransArm,PJ1,CJ1,RCP01
Robot02,V01,V01,Vibration,0.29583673,0.645938613,4.124508383,0.527795932,1.098134287,4.077296165,61.35053652,31,LOT01,P12B000002,Substrate,TransArm,PJ1,CJ1,RCP01
Robot02,V01,V01,Vibration,0.300796481,0.650602783,4.124633215,0.526851843,1.093520279,4.078909202,61.25065094,30,LOT01,P12B000002,Substrate,TransArm,PJ1,CJ1,RCP01
Robot02,V01,V01,Vibration,0.305908268,0.650493538,4.124952622,0.528504088,1.090652537,4.080328781,61.19223907,30,LOT01,P12B000002,Substrate,TransArm,PJ1,CJ1,RCP01
Robot02,V01,V01,Vibration,0.307804856,0.644568594,4.125919449,0.533310771,1.091263361,4.081465514,61.19686233,31,LOT01,P12B000002,Substrate,TransArm,PJ1,CJ1,RCP01
Robot02,V01,V01,Vibration,0.306588646,0.633548639,4.127444872,0.54034947,1.095218999,4.082120093,61.25839385,32,LOT01,P12B000002,Substrate,TransArm,PJ1,CJ1,RCP01
Robot02,V01,V01,Vibration,0.303626881,0.619716152,4.129154917,0.547501626,1.100162844,4.083506469,61.33886791,30.5,LOT01,P12B000002,Substrate,TransArm,PJ1,CJ1,RCP01
Robot02,V01,V01,Vibration,0.300903401,0.60574553,4.130608509,0.552357873,1.10327811,4.086270221,61.39346362,31,LOT01,P12B000002,Substrate,TransArm,PJ1,CJ1,RCP01
Robot02,V01,V01,Vibration,0.299610785,0.593821953,4.131527745,0.553243191,1.103010985,4.090257534,61.40240125,31.5,LOT01,P12B000002,Substrate,TransArm,PJ1,CJ1,RCP01
Robot02,V01,V01,Vibration,0.299729468,0.585654708,4.131888986,0.550179668,1.100029499,4.095050486,61.36784301,30.5,LOT01,P12B000002,Substrate,TransArm,PJ1,CJ1,RCP01
Robot02,V01,V01,Vibration,0.300286463,0.583121202,4.13183208,0.544206923,1.096645819,4.098686291,61.313748,32,LOT01,P12B000003,Substrate,TransArm,PJ1,CJ1,RCP01
Robot02,V01,V01,Vibration,0.300188787,0.587821252,4.131571002,0.53682531,1.095870108,4.098341254,61.27103264,31,LOT01,P12B000003,Substrate,TransArm,PJ1,CJ1,RCP01
Robot02,V01,V01,Vibration,0.298656017,0.600020163,4.131244722,0.52925788,1.098870483,4.093298095,61.2622481,32,LOT01,P12B000003,Substrate,TransArm,PJ1,CJ1,RCP01
Robot02,V01,V01,Vibration,0.29647773,0.617685638,4.130603879,0.522700858,1.104271481,4.085172286,61.28697226,31,LOT01,P12B000003,Substrate,TransArm,PJ1,CJ1,RCP01
Robot02,V01,V01,Vibration,0.295212743,0.635712444,4.129436056,0.51818226,1.108651032,4.076657097,61.32664599,31,LOT01,P12B000003,Substrate,TransArm,PJ1,CJ1,RCP01
Robot02,V01,V01,Vibration,0.296684854,0.649001052,4.127359212,0.517443659,1.107382847,4.071633489,61.36355539,30,LOT01,P12B000003,Substrate,TransArm,PJ1,CJ1,RCP01
Robot02,V01,V01,Vibration,0.301751036,0.654131781,4.12430135,0.520833155,1.09863505,4.072233084,61.3856949,31,LOT01,P12B000003,Substrate,TransArm,PJ1,CJ1,RCP01
Robot02,V01,V01,Vibration,0.309458622,0.652107662,4.120755941,0.527432267,1.084287633,4.078172457,61.38638685,30,LOT01,P12B000003,Substrate,TransArm,PJ1,CJ1,RCP01
Robot02,V01,V01,Vibration,0.316984485,0.646456395,4.117745663,0.534566023,1.069807609,4.08687228,61.36934838,31.5,LOT01,P12B000003,Substrate,TransArm,PJ1,CJ1,RCP01
Robot02,V01,V01,Vibration,0.321811861,0.641519182,4.116368076,0.539985795,1.061468354,4.095205962,61.34002736,30,LOT01,P12B000003,Substrate,TransArm,PJ1,CJ1,RCP01
Robot02,V01,V01,Vibration,0.321975818,0.640240789,4.117155738,0.541644011,1.062982277,4.101134398,61.3029461,30,LOT01,P12B000003,Substrate,TransArm,PJ1,CJ1,RCP01
Robot02,V01,V01,Vibration,0.318217718,0.642698713,4.119934497,0.539952744,1.073032936,4.103533794,61.26336139,30,LOT01,P12B000003,Substrate,TransArm,PJ1,CJ1,RCP01
Robot02,V01,V01,Vibration,0.313701298,0.646277407,4.123516807,0.537161634,1.085676879,4.101982009,61.23328888,32,LOT01,P12B000003,Substrate,TransArm,PJ1,CJ1,RCP01
Robot02,V01,V01,Vibration,0.31127012,0.649073342,4.126360516,0.535177734,1.094452905,4.096379199,61.22028525,32,LOT01,P12B000003,Substrate,TransArm,PJ1,CJ1,RCP01
Robot02,V01,V01,Vibration,0.312954952,0.649164895,4.127648727,0.535833679,1.094864107,4.087249041,61.2299743,31,LOT01,P12B000003,Substrate,TransArm,PJ1,CJ1,RCP01
Robot02,V01,V01,Vibration,0.31848003,0.646079463,4.127493859,0.538811957,1.088332263,4.076267061,61.26095311,31,LOT01,P12B000003,Substrate,TransArm,PJ1,CJ1,RCP01
Robot02,V01,V01,Vibration,0.325205028,0.640823668,4.126642778,0.543026613,1.078013433,4.066914938,61.30449059,31,LOT01,P12B000003,Substrate,TransArm,PJ1,CJ1,RCP01
Robot02,V01,V01,Vibration,0.330118026,0.634909611,4.126060063,0.546547093,1.068511428,4.062615569,61.34482611,31,LOT01,P12B000003,Substrate,TransArm,PJ1,CJ1,RCP01
Robot02,V01,V01,Vibration,0.331227342,0.628296386,4.126332146,0.548093443,1.063901992,4.065510817,61.38038471,32,LOT01,P12B000003,Substrate,TransArm,PJ1,CJ1,RCP01
Robot02,V01,V01,Vibration,0.327991087,0.621962751,4.127517995,0.547533472,1.064208173,4.074659922,61.40100529,30,LOT01,P12B000003,Substrate,TransArm,PJ1,CJ1,RCP01
Robot02,V01,V01,Vibration,0.321537689,0.615983701,4.129070895,0.544938734,1.068488513,4.086698345,61.4038609,31,LOT01,P12B000003,Substrate,TransArm,PJ1,CJ1,RCP01
Robot02,V01,V01,Vibration,0.312892817,0.60981899,4.130358462,0.540701061,1.076231751,4.097521349,61.38503149,30,LOT01,P12B000003,Substrate,TransArm,PJ1,CJ1,RCP01
Robot02,V01,V01,Vibration,0.303411676,0.603914781,4.131010074,0.535489257,1.085869007,4.104504658,61.35047118,31,LOT01,P12B000004,Substrate,TransArm,PJ1,CJ1,RCP01
Robot02,V01,V01,Vibration,0.294208383,0.598967853,4.130986474,0.530369641,1.095573707,4.107394985,61.30286339,31.5,LOT01,P12B000004,Substrate,TransArm,PJ1,CJ1,RCP01
Robot02,V01,V01,Vibration,0.286754345,0.596559443,4.130594764,0.527121838,1.104107916,4.107373428,61.26583358,31.5,LOT01,P12B000004,Substrate,TransArm,PJ1,CJ1,RCP01
Robot02,V01,V01,Vibration,0.282569979,0.598307384,4.130172897,0.527692335,1.109198058,4.106517356,61.26245422,30.5,LOT01,P12B000004,Substrate,TransArm,PJ1,CJ1,RCP01
Robot02,V01,V01,Vibration,0.28253906,0.604777792,4.129913194,0.532853741,1.109763655,4.106162514,61.31236965,31,LOT01,P12B000004,Substrate,TransArm,PJ1,CJ1,RCP01
Robot02,V01,V01,Vibration,0.286372266,0.614740071,4.129760743,0.541243923,1.10607977,4.106722193,61.39156395,31,LOT01,P12B000004,Substrate,TransArm,PJ1,CJ1,RCP01
Robot02,V01,V01,Vibration,0.292409943,0.625146962,4.129489905,0.549427647,1.099461852,4.107926277,61.45991695,30,LOT01,P12B000004,Substrate,TransArm,PJ1,CJ1,RCP01
Robot02,V01,V01,Vibration,0.298901288,0.632572683,4.128804536,0.553406727,1.091705328,4.109363378,61.47281669,31.5,LOT01,P12B000004,Substrate,TransArm,PJ1,CJ1,RCP01
Robot02,V01,V01,Vibration,0.304636594,0.634823456,4.127472258,0.550995356,1.084040287,4.110637066,61.40055965,31,LOT01,P12B000004,Substrate,TransArm,PJ1,CJ1,RCP01
Robot02,V01,V01,Vibration,0.309296184,0.63225677,4.125939091,0.54327196,1.078117182,4.111325249,61.25895862,30,LOT01,P12B000004,Substrate,TransArm,PJ1,CJ1,RCP01
Robot02,V01,V01,Vibration,0.313655594,0.627372979,4.124729733,0.534523185,1.076078792,4.111308465,61.11601164,32,LOT01,P12B000004,Substrate,TransArm,PJ1,CJ1,RCP01
Robot02,V01,V01,Vibration,0.318465215,0.6233418,4.124624539,0.529630326,1.079960264,4.109888047,61.03295816,30.5,LOT01,P12B000004,Substrate,TransArm,PJ1,CJ1,RCP01
Robot02,V01,V01,Vibration,0.323905378,0.621819874,4.125986693,0.53127824,1.090092606,4.107152014,61.05438196,31,LOT01,P12B000004,Substrate,TransArm,PJ1,CJ1,RCP01
Robot02,V01,V01,Vibration,0.328710757,0.621721813,4.128780925,0.538027217,1.103352221,4.104221037,61.15477485,31.5,LOT01,P12B000004,Substrate,TransArm,PJ1,CJ1,RCP01
Robot02,V01,V01,Vibration,0.330229518,0.619612204,4.132141844,0.545155715,1.113095838,4.103681176,61.26794333,31,LOT01,P12B000004,Substrate,TransArm,PJ1,CJ1,RCP01
Robot02,V01,V01,Vibration,0.326594914,0.613150765,4.135341962,0.547330671,1.113947628,4.107334851,61.33274517,31,LOT01,P12B000004,Substrate,TransArm,PJ1,CJ1,RCP01
Robot02,V01,V01,Vibration,0.318174297,0.602478507,4.137821812,0.54409923,1.105643727,4.114957354,61.33290152,30.5,LOT01,P12B000004,Substrate,TransArm,PJ1,CJ1,RCP01
Robot02,V01,V01,Vibration,0.307861598,0.590491708,4.139002674,0.537424573,1.093067445,4.124079539,61.29491279,32,LOT01,P12B000004,Substrate,TransArm,PJ1,CJ1,RCP01
Robot02,V01,V01,Vibration,0.299918922,0.582013436,4.138487008,0.531737879,1.083266012,4.131126714,61.26618709,31,LOT01,P12B000004,Substrate,TransArm,PJ1,CJ1,RCP01
Robot02,V01,V01,Vibration,0.296379905,0.579746275,4.13594671,0.529781375,1.080974961,4.133567139,61.27922452,31.5,LOT01,P12B000004,Substrate,TransArm,PJ1,CJ1,RCP01
Robot02,V01,V01,Vibration,0.298323758,0.584382024,4.131770045,0.531639079,1.087239153,4.131219383,61.33502026,31,LOT01,P12B000004,Substrate,TransArm,PJ1,CJ1,RCP01
Robot02,V01,V01,Vibration,0.303403169,0.593857463,4.126882985,0.536742816,1.097187175,4.125726495,61.40882217,30.5,LOT01,P12B000004,Substrate,TransArm,PJ1,CJ1,RCP01
Robot02,V01,V01,Vibration,0.308690935,0.60479295,4.122696516,0.542845902,1.105287604,4.120115743,61.46341296,31,LOT01,P12B000004,Substrate,TransArm,PJ1,CJ1,RCP01
Robot02,V01,V01,Vibration,0.311981724,0.615325293,4.12019837,0.548591312,1.106460193,4.116346749,61.47095353,31,LOT01,P12B000004,Substrate,TransArm,PJ1,CJ1,RCP01
Robot02,V01,V01,Vibration,0.312575276,0.62383676,4.119626715,0.553403711,1.100862528,4.114784915,61.43034873,30,LOT01,P12B000004,Substrate,TransArm,PJ1,CJ1,RCP01
Robot02,V01,V01,Vibration,0.311459858,0.62951214,4.120479708,0.556912285,1.091579486,4.11359843,61.35948749,30.5,LOT01,P12B000005,Substrate,TransArm,PJ1,CJ1,RCP01
Robot02,V01,V01,Vibration,0.310073417,0.631837251,4.121988442,0.558873536,1.08230305,4.110525941,61.29055147,31,LOT01,P12B000005,Substrate,TransArm,PJ1,CJ1,RCP01
Robot02,V01,V01,Vibration,0.309461099,0.630866805,4.12352942,0.559628124,1.076606529,4.104317109,61.24673612,31,LOT01,P12B000005,Substrate,TransArm,PJ1,CJ1,RCP01
Robot02,V01,V01,Vibration,0.309821694,0.627187545,4.124856051,0.558827752,1.075502872,4.095340709,61.23547857,31.5,LOT01,P12B000005,Substrate,TransArm,PJ1,CJ1,RCP01
Robot02,V01,V01,Vibration,0.310573028,0.623035912,4.12590612,0.556568368,1.07697679,4.086687947,61.25144512,30,LOT01,P12B000005,Substrate,TransArm,PJ1,CJ1,RCP01
Robot02,V01,V01,Vibration,0.310857643,0.620768361,4.126900449,0.553022839,1.078761378,4.081766368,61.2836037,32,LOT01,P12B000005,Substrate,TransArm,PJ1,CJ1,RCP01
Robot02,V01,V01,Vibration,0.309937558,0.621906542,4.127914071,0.548344065,1.078322363,4.08337377,61.32307538,32,LOT01,P12B000005,Substrate,TransArm,PJ1,CJ1,RCP01
Robot02,V01,V01,Vibration,0.307671988,0.626006457,4.129025973,0.543019081,1.075357749,4.090329184,61.35912159,31,LOT01,P12B000005,Substrate,TransArm,PJ1,CJ1,RCP01
Robot02,V01,V01,Vibration,0.30442995,0.629836281,4.130316829,0.538089935,1.070589393,4.099786292,61.38389296,31,LOT01,P12B000005,Substrate,TransArm,PJ1,CJ1,RCP01
Robot02,V01,V01,Vibration,0.300586466,0.629634202,4.132119422,0.534594292,1.065682789,4.106649541,61.38699015,31.5,LOT01,P12B000005,Substrate,TransArm,PJ1,CJ1,RCP01
Robot02,V01,V01,Vibration,0.296645122,0.622587306,4.13416956,0.533394911,1.0617512,4.107523122,61.36401907,32,LOT01,P12B000005,Substrate,TransArm,PJ1,CJ1,RCP01
Robot02,V01,V01,Vibration,0.293206529,0.609525075,4.136168602,0.534512195,1.059954284,4.102047254,61.3192799,31,LOT01,P12B000005,Substrate,TransArm,PJ1,CJ1,RCP01
Robot02,V01,V01,Vibration,0.291113598,0.594322943,4.137114926,0.537290301,1.061453456,4.093527122,61.26796517,30.5,LOT01,P12B000005,Substrate,TransArm,PJ1,CJ1,RCP01
Robot02,V01,V01,Vibration,0.291363687,0.581973712,4.13594404,0.540817119,1.067729444,4.086390253,61.23056961,31,LOT01,P12B000005,Substrate,TransArm,PJ1,CJ1,RCP01
Robot02,V01,V01,Vibration,0.294538663,0.576455395,4.131975783,0.544268563,1.079331444,4.084381457,61.22451272,30,LOT01,P12B000005,Substrate,TransArm,PJ1,CJ1,RCP01
Robot02,V01,V01,Vibration,0.299932625,0.579036196,4.125737951,0.547220042,1.094358519,4.088255399,61.24931427,32,LOT01,P12B000005,Substrate,TransArm,PJ1,CJ1,RCP01
Robot02,V01,V01,Vibration,0.305851621,0.587791027,4.119283354,0.549572482,1.108165287,4.095562109,61.29217208,31.5,LOT01,P12B000005,Substrate,TransArm,PJ1,CJ1,RCP01
Robot02,V01,V01,Vibration,0.309752986,0.59943728,4.115748436,0.551381673,1.114377865,4.103629357,61.33016949,32,LOT01,P12B000005,Substrate,TransArm,PJ1,CJ1,RCP01
Robot02,V01,V01,Vibration,0.310040541,0.611390304,4.117029404,0.552558186,1.109320314,4.109998441,61.34900521,30.5,LOT01,P12B000005,Substrate,TransArm,PJ1,CJ1,RCP01
Robot02,V01,V01,Vibration,0.306357223,0.622174255,4.122862412,0.553036344,1.09353894,4.113577063,61.34355965,30.5,LOT01,P12B000005,Substrate,TransArm,PJ1,CJ1,RCP01
Robot02,V01,V01,Vibration,0.301101529,0.630658616,4.130355353,0.552417512,1.073455832,4.114774372,61.32242137,31.5,LOT01,P12B000005,Substrate,TransArm,PJ1,CJ1,RCP01
Robot02,V01,V01,Vibration,0.296634813,0.635723021,4.136474662,0.550475722,1.056040102,4.114143687,61.29583999,32,LOT01,P12B000005,Substrate,TransArm,PJ1,CJ1,RCP01
Robot02,V01,V01,Vibration,0.295275662,0.636737958,4.138443812,0.547108604,1.048682248,4.112327778,61.27230869,32,LOT01,P12B000005,Substrate,TransArm,PJ1,CJ1,RCP01
Robot02,V01,V01,Vibration,0.297396122,0.634605174,4.135881153,0.542776277,1.051993253,4.1100318,61.25675111,31,LOT01,P12B000005,Substrate,TransArm,PJ1,CJ1,RCP01
Robot02,V01,V01,Vibration,0.301374329,0.630961448,4.130607982,0.539056701,1.062363608,4.108399962,61.25094164,31,LOT01,P12B000005,Substrate,TransArm,PJ1,CJ1,RCP01
Robot02,V01,V01,Vibration,0.305434176,0.628381334,4.125492768,0.537782233,1.075473016,4.108242686,61.25425549,30,LOT01,P12B000006,Substrate,TransArm,PJ1,CJ1,RCP01
Robot02,V01,V01,Vibration,0.307985603,0.62826433,4.122384981,0.540182048,1.085748867,4.110416485,61.26651405,31.5,LOT01,P12B000006,Substrate,TransArm,PJ1,CJ1,RCP01
Robot02,V01,V01,Vibration,0.308672801,0.631016687,4.122208149,0.545924453,1.091286249,4.114225064,61.28401598,30,LOT01,P12B000006,Substrate,TransArm,PJ1,CJ1,RCP01
Robot02,V01,V01,Vibration,0.308009248,0.635165508,4.12431358,0.552769885,1.09183614,4.117966557,61.30070402,30,LOT01,P12B000006,Substrate,TransArm,PJ1,CJ1,RCP01
Robot02,V01,V01,Vibration,0.30732435,0.638884104,4.127556374,0.557757918,1.087454906,4.118855299,61.30768387,32,LOT01,P12B000006,Substrate,TransArm,PJ1,CJ1,RCP01
Robot02,V01,V01,Vibration,0.307375222,0.640424692,4.131036597,0.558699409,1.078650482,4.115006714,61.29900654,31,LOT01,P12B000006,Substrate,TransArm,PJ1,CJ1,RCP01
Robot02,V01,V01,Vibration,0.308215067,0.639222884,4.134149091,0.55559461,1.067514015,4.107163249,61.27682414,31,LOT01,P12B000006,Substrate,TransArm,PJ1,CJ1,RCP01
Robot02,V01,V01,Vibration,0.308918153,0.635076113,4.136423052,0.550253627,1.057875284,4.097552956,61.24955683,31,LOT01,P12B000006,Substrate,TransArm,PJ1,CJ1,RCP01
Robot02,V01,V01,Vibration,0.308504289,0.628375094,4.137555938,0.54581319,1.055273596,4.090041189,61.23112263,30,LOT01,P12B000006,Substrate,TransArm,PJ1,CJ1,RCP01
Robot02,V01,V01,Vibration,0.306032405,0.619678219,4.137282846,0.544332392,1.062904747,4.08749469,61.23098509,32,LOT01,P12B000006,Substrate,TransArm,PJ1,CJ1,RCP01
Robot02,V01,V01,Vibration,0.301683207,0.609785087,4.135709215,0.546428472,1.080035298,4.090689212,61.24888841,31.5,LOT01,P12B000006,Substrate,TransArm,PJ1,CJ1,RCP01
Robot02,V01,V01,Vibration,0.29670611,0.599909516,4.133141077,0.55103467,1.100539749,4.098160928,61.27630288,30.5,LOT01,P12B000006,Substrate,TransArm,PJ1,CJ1,RCP01
Robot02,V01,V01,Vibration,0.29261587,0.591112296,4.130064861,0.556206973,1.116741379,4.107326066,61.29934024,30.5,LOT01,P12B000006,Substrate,TransArm,PJ1,CJ1,RCP01
Robot02,V01,V01,Vibration,0.290763346,0.584822085,4.126912373,0.560822052,1.122714485,4.116208515,61.30610027,32,LOT01,P12B000006,Substrate,TransArm,PJ1,CJ1,RCP01
Robot02,V01,V01,Vibration,0.291402543,0.58177395,4.124007129,0.563961162,1.117336842,4.123402352,61.29520406,31,LOT01,P12B000006,Substrate,TransArm,PJ1,CJ1,RCP01
Robot02,V01,V01,Vibration,0.293762516,0.582542117,4.121630836,0.565424058,1.104258791,4.128009315,61.27062402,31,LOT01,P12B000006,Substrate,TransArm,PJ1,CJ1,RCP01
Robot02,V01,V01,Vibration,0.296750132,0.587923103,4.120007355,0.565187397,1.089791336,4.129415472,61.23917078,31,LOT01,P12B000006,Substrate,TransArm,PJ1,CJ1,RCP01
Robot02,V01,V01,Vibration,0.299503074,0.597917083,4.119260376,0.563382165,1.078390245,4.127167773,61.20699443,31.5,LOT01,P12B000006,Substrate,TransArm,PJ1,CJ1,RCP01
Robot02,V01,V01,Vibration,0.301715026,0.611260109,4.119344836,0.56032565,1.072172775,4.121924943,61.17954514,30.5,LOT01,P12B000006,Substrate,TransArm,PJ1,CJ1,RCP01
Robot02,V01,V01,Vibration,0.303606242,0.62471615,4.119697036,0.556855679,1.071006958,4.116098264,61.16431988,32,LOT01,P12B000006,Substrate,TransArm,PJ1,CJ1,RCP01
Robot02,V01,V01,Vibration,0.305715351,0.63439619,4.11963275,0.553587185,1.072722429,4.112822917,61.16746557,30.5,LOT01,P12B000006,Substrate,TransArm,PJ1,CJ1,RCP01
Robot02,V01,V01,Vibration,0.308333003,0.637447908,4.118802118,0.551308861,1.076630783,4.113996411,61.19281005,32,LOT01,P12B000006,Substrate,TransArm,PJ1,CJ1,RCP01
Robot02,V01,V01,Vibration,0.311258774,0.63358068,4.117322045,0.550278007,1.081471139,4.119655134,61.23583941,31,LOT01,P12B000006,Substrate,TransArm,PJ1,CJ1,RCP01
Robot02,V01,V01,Vibration,0.313506148,0.625350345,4.116203047,0.550113879,1.085663748,4.127315707,61.2822068,31,LOT01,P12B000006,Substrate,TransArm,PJ1,CJ1,RCP01
Robot02,V01,V01,Vibration,0.313895696,0.616743399,4.116716407,0.550216783,1.087509585,4.13327137,61.31215123,32,LOT01,P12B000006,Substrate,TransArm,PJ1,CJ1,RCP01
Robot02,V01,V01,Vibration,0.31183221,0.610820498,4.119950128,0.550161894,1.085785885,4.134861759,61.31369419,32,LOT01,P12B000006,Substrate,TransArm,PJ1,CJ1,RCP01
Robot02,V01,V01,Vibration,0.307320004,0.608004449,4.125519899,0.549863536,1.08131143,4.1315396,61.28641795,31.5,LOT01,P12B000007,Substrate,TransArm,PJ1,CJ1,RCP01
Robot02,V01,V01,Vibration,0.301461672,0.606513568,4.131816718,0.549872051,1.076132512,4.125088157,61.24557038,30,LOT01,P12B000007,Substrate,TransArm,PJ1,CJ1,RCP01
Robot02,V01,V01,Vibration,0.295953954,0.60388586,4.136612701,0.550739962,1.073910437,4.118349605,61.2112997,32,LOT01,P12B000007,Substrate,TransArm,PJ1,CJ1,RCP01
Robot02,V01,V01,Vibration,0.291884403,0.597517676,4.138260071,0.552867208,1.077156022,4.113661785,61.20226796,30,LOT01,P12B000007,Substrate,TransArm,PJ1,CJ1,RCP01
Robot02,V01,V01,Vibration,0.289979694,0.587795119,4.13655441,0.556044887,1.08565677,4.111813172,61.22075184,31,LOT01,P12B000007,Substrate,TransArm,PJ1,CJ1,RCP01
Robot02,V01,V01,Vibration,0.290217549,0.577033876,4.132475996,0.55944001,1.096338057,4.112249677,61.25786793,31,LOT01,P12B000007,Substrate,TransArm,PJ1,CJ1,RCP01
Robot02,V01,V01,Vibration,0.292654413,0.568994218,4.127880276,0.56171552,1.104683213,4.11400646,61.29483538,31.5,LOT01,P12B000007,Substrate,TransArm,PJ1,CJ1,RCP01
Robot02,V01,V01,Vibration,0.297070419,0.566048296,4.124291883,0.562066979,1.107662113,4.116005895,61.31920872,30,LOT01,P12B000007,Substrate,TransArm,PJ1,CJ1,RCP01
Robot02,V01,V01,Vibration,0.302192855,0.568573706,4.122305856,0.560548275,1.104714227,4.117600449,61.32768764,30.5,LOT01,P12B000007,Substrate,TransArm,PJ1,CJ1,RCP01
Robot02,V01,V01,Vibration,0.306778848,0.574101389,4.12238214,0.558127791,1.098598578,4.118470542,61.32322944,31,LOT01,P12B000007,Substrate,TransArm,PJ1,CJ1,RCP01
Robot02,V01,V01,Vibration,0.309032801,0.57953934,4.124268821,0.556145671,1.092412743,4.118141253,61.31174636,31,LOT01,P12B000007,Substrate,TransArm,PJ1,CJ1,RCP01
Robot02,V01,V01,Vibration,0.30828305,0.583048156,4.12749481,0.555183581,1.088984468,4.116947385,61.29925969,31,LOT01,P12B000007,Substrate,TransArm,PJ1,CJ1,RCP01
Robot02,V01,V01,Vibration,0.305126837,0.58445254,4.130989523,0.554971084,1.08835773,4.115410254,61.29093776,30,LOT01,P12B000007,Substrate,TransArm,PJ1,CJ1,RCP01
Robot02,V01,V01,Vibration,0.300808321,0.583426491,4.133384487,0.55480238,1.089651442,4.114704566,61.29285286,30,LOT01,P12B000007,Substrate,TransArm,PJ1,CJ1,RCP01
Robot02,V01,V01,Vibration,0.296623712,0.580889282,4.133529037,0.554102466,1.09239406,4.115484463,61.30901731,31,LOT01,P12B000007,Substrate,TransArm,PJ1,CJ1,RCP01
Robot02,V01,V01,Vibration,0.293114435,0.576768059,4.131324035,0.552556306,1.096092442,4.118984231,61.33926495,30,LOT01,P12B000007,Substrate,TransArm,PJ1,CJ1,RCP01
Robot02,V01,V01,Vibration,0.290547606,0.571219646,4.127724746,0.550455359,1.100330876,4.123954812,61.37341927,31,LOT01,P12B000007,Substrate,TransArm,PJ1,CJ1,RCP01
Robot02,V01,V01,Vibration,0.288754653,0.564961477,4.124592856,0.548229397,1.104522181,4.129992164,61.40098621,32,LOT01,P12B000007,Substrate,TransArm,PJ1,CJ1,RCP01
Robot02,V01,V01,Vibration,0.287644907,0.55841697,4.123745194,0.546313647,1.108142237,4.136184534,61.41004854,30,LOT01,P12B000007,Substrate,TransArm,PJ1,CJ1,RCP01
Robot02,V01,V01,Vibration,0.287283301,0.552273259,4.125625136,0.544862935,1.110421298,4.142211797,61.39625864,32,LOT01,P12B000007,Substrate,TransArm,PJ1,CJ1,RCP01
Robot02,V01,V01,Vibration,0.287959454,0.54867722,4.129306576,0.543974757,1.110140412,4.146065693,61.36419536,32,LOT01,P12B000007,Substrate,TransArm,PJ1,CJ1,RCP01
Robot02,V01,V01,Vibration,0.289864912,0.550314592,4.133422139,0.543566192,1.105603849,4.146221893,61.32336773,30,LOT01,P12B000007,Substrate,TransArm,PJ1,CJ1,RCP01
Robot02,V01,V01,Vibration,0.2932858,0.559789979,4.136123266,0.543546039,1.095801936,4.141523316,61.2812304,32,LOT01,P12B000007,Substrate,TransArm,PJ1,CJ1,RCP01
Robot02,V01,V01,Vibration,0.297581119,0.576411496,4.13706572,0.543863751,1.081627646,4.13231879,61.24546838,31,LOT01,P12B000007,Substrate,TransArm,PJ1,CJ1,RCP01
Robot02,V01,V01,Vibration,0.301882502,0.596641952,4.136298715,0.544450232,1.06668563,4.121171704,61.22112662,30,LOT01,P12B000007,Substrate,TransArm,PJ1,CJ1,RCP01
Robot02,V01,V01,Vibration,0.304879992,0.614789055,4.134294278,0.544992353,1.056329395,4.112287354,61.21379531,32,LOT01,P12B000007,Substrate,TransArm,PJ1,CJ1,RCP01
Robot02,V01,V01,Vibration,0.304892848,0.625665113,4.131650352,0.54535693,1.054910213,4.109260595,61.22758566,30.5,LOT01,P12B000007,Substrate,TransArm,PJ1,CJ1,RCP01
Robot02,V01,V01,Vibration,0.30176485,0.627419081,4.128847763,0.5456751,1.06469897,4.113099915,61.26054373,31,LOT01,P12B000008,Substrate,TransArm,PJ1,CJ1,RCP01
Robot02,V01,V01,Vibration,0.29688606,0.622046701,4.126460261,0.546288444,1.08059191,4.121163451,61.30678444,31,LOT01,P12B000008,Substrate,TransArm,PJ1,CJ1,RCP01
Robot02,V01,V01,Vibration,0.293020438,0.613682311,4.125194666,0.548189962,1.096474366,4.129383014,61.3538109,31,LOT01,P12B000008,Substrate,TransArm,PJ1,CJ1,RCP01
Robot02,V01,V01,Vibration,0.29209784,0.605747447,4.125585228,0.551668349,1.106683412,4.133903539,61.391137,31,LOT01,P12B000008,Substrate,TransArm,PJ1,CJ1,RCP01
Robot02,V01,V01,Vibration,0.294646938,0.60040022,4.127707786,0.556617554,1.108018557,4.133316211,61.41278253,31,LOT01,P12B000008,Substrate,TransArm,PJ1,CJ1,RCP01
Robot02,V01,V01,Vibration,0.29925512,0.598094375,4.131035528,0.561857468,1.103171324,4.129461622,61.41817847,30,LOT01,P12B000008,Substrate,TransArm,PJ1,CJ1,RCP01
Robot02,V01,V01,Vibration,0.303298738,0.597591492,4.134526974,0.565466468,1.096000148,4.125967925,61.40927904,31.5,LOT01,P12B000008,Substrate,TransArm,PJ1,CJ1,RCP01
Robot02,V01,V01,Vibration,0.304508876,0.597464342,4.137267509,0.565964486,1.090220566,4.12603038,61.38860136,30,LOT01,P12B000008,Substrate,TransArm,PJ1,CJ1,RCP01
Robot02,V01,V01,Vibration,0.302198551,0.597248626,4.139019876,0.563089154,1.087958442,4.130511644,61.3582885,30.5,LOT01,P12B000008,Substrate,TransArm,PJ1,CJ1,RCP01
Robot02,V01,V01,Vibration,0.297375586,0.597581214,4.139713996,0.55828385,1.088776856,4.137504021,61.32169782,30.5,LOT01,P12B000008,Substrate,TransArm,PJ1,CJ1,RCP01
Robot02,V01,V01,Vibration,0.292206908,0.598320426,4.139720013,0.554034008,1.091870699,4.143675192,61.28259305,31,LOT01,P12B000008,Substrate,TransArm,PJ1,CJ1,RCP01
Robot02,V01,V01,Vibration,0.288689417,0.599572196,4.139350607,0.552554527,1.096182422,4.145839439,61.24477688,31,LOT01,P12B000008,Substrate,TransArm,PJ1,CJ1,RCP01
Robot02,V01,V01,Vibration,0.287745653,0.601267902,4.138741099,0.554640033,1.100749439,4.143231925,61.21111408,31,LOT01,P12B000008,Substrate,TransArm,PJ1,CJ1,RCP01
Robot02,V01,V01,Vibration,0.289337938,0.603484776,4.138066595,0.559246843,1.104295909,4.137354474,61.18359781,32,LOT01,P12B000008,Substrate,TransArm,PJ1,CJ1,RCP01
Robot02,V01,V01,Vibration,0.29281982,0.605944146,4.137299057,0.564408753,1.105586915,4.131596076,61.16328376,32,LOT01,P12B000008,Substrate,TransArm,PJ1,CJ1,RCP01
Robot02,V01,V01,Vibration,0.297444893,0.608633504,4.13654829,0.568241085,1.103360355,4.128761471,61.15146191,32,LOT01,P12B000008,Substrate,TransArm,PJ1,CJ1,RCP01
Robot02,V01,V01,Vibration,0.302544856,0.610881836,4.135789714,0.5698658,1.097578974,4.130219146,61.1499223,32,LOT01,P12B000008,Substrate,TransArm,PJ1,CJ1,RCP01
Robot02,V01,V01,Vibration,0.306600736,0.61236974,4.134566371,0.569439043,1.089611578,4.134740119,61.15952624,31,LOT01,P12B000008,Substrate,TransArm,PJ1,CJ1,RCP01
Robot02,V01,V01,Vibration,0.308143212,0.612476952,4.132707257,0.567612531,1.081745753,4.140060132,61.18197186,31.5,LOT01,P12B000008,Substrate,TransArm,PJ1,CJ1,RCP01
Robot02,V01,V01,Vibration,0.305996917,0.610746713,4.129898911,0.565063843,1.076006023,4.14390939,61.21847117,30.5,LOT01,P12B000008,Substrate,TransArm,PJ1,CJ1,RCP01
Robot02,V01,V01,Vibration,0.300494725,0.60741374,4.126246522,0.562496437,1.073283355,4.145176464,61.26451434,31,LOT01,P12B000008,Substrate,TransArm,PJ1,CJ1,RCP01
Robot02,V01,V01,Vibration,0.293557552,0.603858964,4.12246792,0.560716649,1.072965118,4.143741027,61.31191235,31.5,LOT01,P12B000008,Substrate,TransArm,PJ1,CJ1,RCP01
Robot02,V01,V01,Vibration,0.288661251,0.602245843,4.119579761,0.560638253,1.073042119,4.139997676,61.35073448,31,LOT01,P12B000008,Substrate,TransArm,PJ1,CJ1,RCP01
Robot02,V01,V01,Vibration,0.288808094,0.604354158,4.118498446,0.563068014,1.0720896,4.134404465,61.37002102,30,LOT01,P12B000008,Substrate,TransArm,PJ1,CJ1,RCP01
Robot02,V01,V01,Vibration,0.294652583,0.609907529,4.119562488,0.56769587,1.070045836,4.127662415,61.36582967,31,LOT01,P12B000009,Substrate,TransArm,PJ1,CJ1,RCP01
Robot02,V01,V01,Vibration,0.303796054,0.615859765,4.122320089,0.573122952,1.067862035,4.120936552,61.34351457,32,LOT01,P12B000009,Substrate,TransArm,PJ1,CJ1,RCP01
Robot02,V01,V01,Vibration,0.312321227,0.617343217,4.125941054,0.577435221,1.06759133,4.11534663,61.31273352,31,LOT01,P12B000009,Substrate,TransArm,PJ1,CJ1,RCP01
Robot02,V01,V01,Vibration,0.316381683,0.610152925,4.129600496,0.578190803,1.070887676,4.112126825,61.28342854,31,LOT01,P12B000009,Substrate,TransArm,PJ1,CJ1,RCP01
Robot02,V01,V01,Vibration,0.314623397,0.593565502,4.132706147,0.574998199,1.078185619,4.111939042,61.26165967,31.5,LOT01,P12B000009,Substrate,TransArm,PJ1,CJ1,RCP01
Robot02,V01,V01,Vibration,0.308368676,0.571069973,4.134808865,0.569059364,1.088407,4.114720359,61.25286878,31,LOT01,P12B000009,Substrate,TransArm,PJ1,CJ1,RCP01
Robot02,V01,V01,Vibration,0.300890102,0.548742143,4.135759628,0.562602434,1.099258491,4.11948359,61.26350552,32,LOT01,P12B000009,Substrate,TransArm,PJ1,CJ1,RCP01
Robot02,V01,V01,Vibration,0.294967968,0.532274591,4.135309088,0.557722468,1.108793337,4.125238813,61.29716237,32,LOT01,P12B000009,Substrate,TransArm,PJ1,CJ1,RCP01
Robot02,V01,V01,Vibration,0.292163524,0.524460325,4.133520605,0.555484962,1.115828832,4.131227984,61.34828378,32,LOT01,P12B000009,Substrate,TransArm,PJ1,CJ1,RCP01
Robot02,V01,V01,Vibration,0.292066471,0.524333252,4.130780094,0.555683961,1.120305636,4.137111172,61.40436058,31,LOT01,P12B000009,Substrate,TransArm,PJ1,CJ1,RCP01
Robot02,V01,V01,Vibration,0.293776666,0.528792314,4.127692845,0.55740241,1.122593974,4.140366368,61.44349863,31,LOT01,P12B000009,Substrate,TransArm,PJ1,CJ1,RCP01
Robot02,V01,V01,Vibration,0.296271609,0.535637569,4.125019396,0.559811446,1.123135519,4.140187996,61.4469168,31.5,LOT01,P12B000009,Substrate,TransArm,PJ1,CJ1,RCP01
Robot02,V01,V01,Vibration,0.298818023,0.542696351,4.123098164,0.562402008,1.122181215,4.136627251,61.41068887,31,LOT01,P12B000009,Substrate,TransArm,PJ1,CJ1,RCP01
Robot02,V01,V01,Vibration,0.300897007,0.549787933,4.121770222,0.565052218,1.120050755,4.131323422,61.34911706,32,LOT01,P12B000009,Substrate,TransArm,PJ1,CJ1,RCP01
Robot02,V01,V01,Vibration,0.30199411,0.557273344,4.120904136,0.567678198,1.117096021,4.127198629,61.28590061,30,LOT01,P12B000009,Substrate,TransArm,PJ1,CJ1,RCP01
Robot02,V01,V01,Vibration,0.30171673,0.565705012,4.120302622,0.570286279,1.113587878,4.126837306,61.24418273,30.5,LOT01,P12B000009,Substrate,TransArm,PJ1,CJ1,RCP01
Robot02,V01,V01,Vibration,0.300058474,0.57380968,4.119956247,0.572775377,1.109604747,4.130753753,61.23756653,30,LOT01,P12B000009,Substrate,TransArm,PJ1,CJ1,RCP01
Robot02,V01,V01,Vibration,0.297624328,0.581691071,4.120078364,0.574789623,1.104949267,4.137613727,61.25713684,31,LOT01,P12B000009,Substrate,TransArm,PJ1,CJ1,RCP01
Robot02,V01,V01,Vibration,0.29541995,0.587320027,4.121030863,0.575850526,1.099126412,4.144592146,61.28817878,31,LOT01,P12B000009,Substrate,TransArm,PJ1,CJ1,RCP01
Robot02,V01,V01,Vibration,0.29436001,0.589195357,4.123138364,0.575542221,1.091777329,4.149022063,61.31447713,31,LOT01,P12B000009,Substrate,TransArm,PJ1,CJ1,RCP01
Robot02,V01,V01,Vibration,0.294732507,0.587622094,4.126139967,0.573841704,1.083212244,4.150083283,61.32723066,31,LOT01,P12B000009,Substrate,TransArm,PJ1,CJ1,RCP01
Robot02,V01,V01,Vibration,0.295776616,0.583550005,4.129502357,0.571306659,1.074727007,4.148580883,61.32736447,31,LOT01,P12B000009,Substrate,TransArm,PJ1,CJ1,RCP01
Robot02,V01,V01,Vibration,0.296624384,0.579055398,4.132158553,0.568800219,1.068277014,4.146747437,61.31754852,31,LOT01,P12B000009,Substrate,TransArm,PJ1,CJ1,RCP01
Robot02,V01,V01,Vibration,0.296255272,0.576450894,4.133161524,0.567123218,1.065759495,4.146508437,61.30141142,30,LOT01,P12B000009,Substrate,TransArm,PJ1,CJ1,RCP01
Robot02,V01,V01,Vibration,0.294231787,0.576107816,4.132382909,0.566489864,1.066806933,4.148247874,61.28070814,31,LOT01,P12B000009,Substrate,TransArm,PJ1,CJ1,RCP01
Robot02,V01,V01,Vibration,0.291133657,0.578812685,4.130622552,0.566330215,1.070038883,4.149892911,61.25693705,32,LOT01,P12B000009,Substrate,TransArm,PJ1,CJ1,RCP01
Robot02,V01,V01,Vibration,0.288009018,0.584191231,4.129295483,0.56557837,1.071792481,4.148686194,61.2306851,30,LOT01,P12B000010,Substrate,TransArm,PJ1,CJ1,RCP01
Robot02,V01,V01,Vibration,0.285699676,0.592214971,4.129675212,0.563251881,1.069052488,4.141560569,61.20314568,31,LOT01,P12B000010,Substrate,TransArm,PJ1,CJ1,RCP01
Robot02,V01,V01,Vibration,0.285209716,0.601417474,4.132009033,0.559790907,1.062001603,4.128890754,61.17767839,30,LOT01,P12B000010,Substrate,TransArm,PJ1,CJ1,RCP01
Robot02,V01,V01,Vibration,0.286781883,0.608371259,4.135106315,0.556454818,1.054875078,4.114503754,61.15997932,31,LOT01,P12B000010,Substrate,TransArm,PJ1,CJ1,RCP01
Robot02,V01,V01,Vibration,0.291044388,0.609122992,4.137101016,0.555900607,1.055151771,4.10471958,61.15790844,31,LOT01,P12B000010,Substrate,TransArm,PJ1,CJ1,RCP01
Robot02,V01,V01,Vibration,0.297243227,0.60219486,4.136784519,0.559153487,1.065384868,4.103277322,61.17407177,31,LOT01,P12B000010,Substrate,TransArm,PJ1,CJ1,RCP01
Robot02,V01,V01,Vibration,0.304027465,0.590662307,4.134458481,0.565404515,1.082553955,4.109448773,61.2037409,30,LOT01,P12B000010,Substrate,TransArm,PJ1,CJ1,RCP01
Robot02,V01,V01,Vibration,0.309429492,0.581414949,4.131027142,0.571917767,1.097138291,4.119821322,61.23524902,30,LOT01,P12B000010,Substrate,TransArm,PJ1,CJ1,RCP01
Robot02,V01,V01,Vibration,0.310963797,0.581140543,4.127913236,0.57616529,1.101129288,4.130358075,61.25753324,31,LOT01,P12B000010,Substrate,TransArm,PJ1,CJ1,RCP01
Robot02,V01,V01,Vibration,0.307463678,0.591956749,4.125856472,0.576606923,1.090845548,4.138439778,61.26314025,31,LOT01,P12B000010,Substrate,TransArm,PJ1,CJ1,RCP01
Robot02,V01,V01,Vibration,0.301001387,0.606975809,4.12521759,0.573282139,1.069743146,4.143506506,61.25433155,31,LOT01,P12B000010,Substrate,TransArm,PJ1,CJ1,RCP01
Robot02,V01,V01,Vibration,0.294049567,0.61328552,4.126049717,0.567203285,1.048288345,4.145085187,61.23790163,31.5,LOT01,P12B000010,Substrate,TransArm,PJ1,CJ1,RCP01
Robot02,V01,V01,Vibration,0.28995569,0.597786041,4.128654531,0.559501287,1.034865681,4.143467101,61.22081385,30,LOT01,P12B000010,Substrate,TransArm,PJ1,CJ1,RCP01
Robot02,V01,V01,Vibration,0.290181257,0.556503308,4.13262277,0.551597618,1.035982454,4.139278718,61.21145801,30,LOT01,P12B000010,Substrate,TransArm,PJ1,CJ1,RCP01
Robot02,V01,V01,Vibration,0.293099553,0.499505386,4.137078931,0.54431639,1.05308397,4.134261456,61.2163669,30,LOT01,P12B000010,Substrate,TransArm,PJ1,CJ1,RCP01
Robot02,V01,V01,Vibration,0.294471179,0.446489883,4.140130146,0.539040357,1.083087012,4.131145723,61.24567549,30,LOT01,P12B000010,Substrate,TransArm,PJ1,CJ1,RCP01
Robot02,V01,V01,Vibration,0.291661555,0.419205973,4.140095109,0.536988561,1.12518508,4.132660932,61.30794913,30,LOT01,P12B000010,Substrate,TransArm,PJ1,CJ1,RCP01
Robot02,V01,V01,Vibration,0.281870957,0.427668576,4.136300124,0.538839657,1.174782004,4.139846048,61.40194719,30,LOT01,P12B000010,Substrate,TransArm,PJ1,CJ1,RCP01
Robot02,V01,V01,Vibration,0.269057782,0.464293254,4.130193349,0.544366143,1.222708953,4.151083321,61.51039537,32,LOT01,P12B000010,Substrate,TransArm,PJ1,CJ1,RCP01
Robot02,V01,V01,Vibration,0.259709446,0.509895959,4.124081177,0.552732871,1.256841487,4.162662563,61.60174723,31,LOT01,P12B000010,Substrate,TransArm,PJ1,CJ1,RCP01
Robot02,V01,V01,Vibration,0.260419612,0.542776876,4.120577429,0.562962335,1.26508866,4.170724173,61.6455145,31,LOT01,P12B000010,Substrate,TransArm,PJ1,CJ1,RCP01
Robot02,V01,V01,Vibration,0.274263015,0.551140306,4.120841752,0.574221833,1.241893312,4.173226169,61.62633083,30,LOT01,P12B000010,Substrate,TransArm,PJ1,CJ1,RCP01
Robot02,V01,V01,Vibration,0.298508947,0.539744213,4.124130144,0.585725992,1.198145963,4.170885391,61.5551194,32,LOT01,P12B000010,Substrate,TransArm,PJ1,CJ1,RCP01
Robot02,V01,V01,Vibration,0.326741503,0.521960936,4.128203835,0.596772278,1.148867551,4.166271126,61.46406812,31.5,LOT01,P12B000010,Substrate,TransArm,PJ1,CJ1,RCP01
Robot02,V01,V01,Vibration,0.351742334,0.511932461,4.130717121,0.606570137,1.113140196,4.162297931,61.37791702,30.5,LOT01,P12B000010,Substrate,TransArm,PJ1,CJ1,RCP01
Robot02,V01,V01,Vibration,0.368712785,0.519248423,4.130334939,0.614406081,1.100786325,4.160626561,61.32318737,30,LOT01,P12B000010,Substrate,TransArm,PJ1,CJ1,RCP01
Robot02,V01,V01,Vibration,0.376749377,0.539432998,4.127534708,0.619440421,1.109787112,4.161057912,61.2992403,31.5,LOT01,P12B000010,Substrate,TransArm,PJ1,CJ1,RCP01
Robot02,V01,V01,Vibration,0.377136153,0.563874361,4.124000985,0.620770804,1.128023152,4.162228351,61.29426221,31,LOT01,P12B000011,Substrate,TransArm,PJ1,CJ1,RCP01
Robot02,V01,V01,Vibration,0.371768083,0.585026562,4.121493146,0.617505593,1.141723926,4.163094074,61.29474413,32,LOT01,P12B000011,Substrate,TransArm,PJ1,CJ1,RCP01
Robot02,V01,V01,Vibration,0.362276352,0.596479594,4.120946681,0.609665472,1.14391653,4.162425852,61.29712228,31,LOT01,P12B000011,Substrate,TransArm,PJ1,CJ1,RCP01
Robot02,V01,V01,Vibration,0.350483108,0.598661596,4.122115374,0.598852328,1.13549059,4.160227275,61.29528403,30.5,LOT01,P12B000011,Substrate,TransArm,PJ1,CJ1,RCP01
Robot02,V01,V01,Vibration,0.33882185,0.597069756,4.123878872,0.587969922,1.12343243,4.156878224,61.29218575,32,LOT01,P12B000011,Substrate,TransArm,PJ1,CJ1,RCP01
Robot02,V01,V01,Vibration,0.329608293,0.596813727,4.124646685,0.579815221,1.11525515,4.152838199,61.29040511,32,LOT01,P12B000011,Substrate,TransArm,PJ1,CJ1,RCP01
Robot02,V01,V01,Vibration,0.324161926,0.601417091,4.123836507,0.57626732,1.114807398,4.148432456,61.2913548,30,LOT01,P12B000011,Substrate,TransArm,PJ1,CJ1,RCP01
Robot02,V01,V01,Vibration,0.322222348,0.6100919,4.122224782,0.577023197,1.121693678,4.143894415,61.29649791,31,LOT01,P12B000011,Substrate,TransArm,PJ1,CJ1,RCP01
Robot02,V01,V01,Vibration,0.322387258,0.620113037,4.12101019,0.58053465,1.131766306,4.139569306,61.30670967,32,LOT01,P12B000011,Substrate,TransArm,PJ1,CJ1,RCP01
Robot02,V01,V01,Vibration,0.322721603,0.627575697,4.121624685,0.584802846,1.140565992,4.134955901,61.32486774,32,LOT01,P12B000011,Substrate,TransArm,PJ1,CJ1,RCP01
Robot02,V01,V01,Vibration,0.322627915,0.630163473,4.124690746,0.588628331,1.145043555,4.13094919,61.34939826,32,LOT01,P12B000011,Substrate,TransArm,PJ1,CJ1,RCP01
Robot02,V01,V01,Vibration,0.321687647,0.630504764,4.129495126,0.591681182,1.143338042,4.127919787,61.37296841,31,LOT01,P12B000011,Substrate,TransArm,PJ1,CJ1,RCP01
Robot02,V01,V01,Vibration,0.320309215,0.627713003,4.134788298,0.593937933,1.134529855,4.127329756,61.38630022,31,LOT01,P12B000011,Substrate,TransArm,PJ1,CJ1,RCP01
Robot02,V01,V01,Vibration,0.319014527,0.62432677,4.138652336,0.595528884,1.118050442,4.1298412,61.37460395,32,LOT01,P12B000011,Substrate,TransArm,PJ1,CJ1,RCP01
Robot02,V01,V01,Vibration,0.317981292,0.622446978,4.140175855,0.596380056,1.094631865,4.135671257,61.33592904,31,LOT01,P12B000011,Substrate,TransArm,PJ1,CJ1,RCP01
Robot02,V01,V01,Vibration,0.316912433,0.620861685,4.139264548,0.596060312,1.068683284,4.143387212,61.27957352,31,LOT01,P12B000011,Substrate,TransArm,PJ1,CJ1,RCP01
Robot02,V01,V01,Vibration,0.315241463,0.621334001,4.136486482,0.594468002,1.047466944,4.150229525,61.22327113,30,LOT01,P12B000011,Substrate,TransArm,PJ1,CJ1,RCP01
Robot02,V01,V01,Vibration,0.312260569,0.622966744,4.132419385,0.590764134,1.038157273,4.153342906,61.18369871,32,LOT01,P12B000011,Substrate,TransArm,PJ1,CJ1,RCP01
Robot02,V01,V01,Vibration,0.307830847,0.625049513,4.127715202,0.585033403,1.044225369,4.151322183,61.17194699,32,LOT01,P12B000011,Substrate,TransArm,PJ1,CJ1,RCP01
Robot02,V01,V01,Vibration,0.302634795,0.626717155,4.123330784,0.578365387,1.061973634,4.145256195,61.18431453,32,LOT01,P12B000011,Substrate,TransArm,PJ1,CJ1,RCP01
Robot02,V01,V01,Vibration,0.297898015,0.62426878,4.12008959,0.572533382,1.084577278,4.137984766,61.20764475,31,LOT01,P12B000011,Substrate,TransArm,PJ1,CJ1,RCP01
Robot02,V01,V01,Vibration,0.295105614,0.615145049,4.119234869,0.569499209,1.102779536,4.132527942,61.22600755,30,LOT01,P12B000011,Substrate,TransArm,PJ1,CJ1,RCP01
Robot02,V01,V01,Vibration,0.294912052,0.598813564,4.12129757,0.569958813,1.11211417,4.130755105,61.23258437,30,LOT01,P12B000011,Substrate,TransArm,PJ1,CJ1,RCP01
Robot02,V01,V01,Vibration,0.296976474,0.578095589,4.125482608,0.573261286,1.112730466,4.132948394,61.22715645,31.5,LOT01,P12B000011,Substrate,TransArm,PJ1,CJ1,RCP01
Robot02,V01,V01,Vibration,0.300211341,0.558968364,4.130828908,0.577738314,1.108419289,4.138308076,61.21833814,31,LOT01,P12B000011,Substrate,TransArm,PJ1,CJ1,RCP01
Robot02,V01,V01,Vibration,0.303313933,0.547555267,4.135534794,0.581294791,1.106125378,4.145732328,61.21479288,30,LOT01,P12B000011,Substrate,TransArm,PJ1,CJ1,RCP01
Robot02,V01,V01,Vibration,0.305490906,0.547231785,4.138841265,0.582757921,1.108091228,4.154282643,61.2219342,32,LOT01,P12B000011,Substrate,TransArm,PJ1,CJ1,RCP01
Robot02,V01,V01,Vibration,0.306545399,0.556297616,4.140220363,0.582208936,1.114216205,4.162682675,61.23686858,31,LOT01,P12B000012,Substrate,TransArm,PJ1,CJ1,RCP01
Robot02,V01,V01,Vibration,0.306508991,0.569957992,4.139627608,0.580645574,1.121741618,4.16969773,61.25425039,31,LOT01,P12B000012,Substrate,TransArm,PJ1,CJ1,RCP01
Robot02,V01,V01,Vibration,0.30580283,0.582888395,4.136819773,0.579172171,1.128495983,4.173805366,61.26675253,31,LOT01,P12B000012,Substrate,TransArm,PJ1,CJ1,RCP01
Robot02,V01,V01,Vibration,0.304617046,0.591691619,4.132007381,0.578374123,1.132146504,4.17436282,61.2702624,31,LOT01,P12B000012,Substrate,TransArm,PJ1,CJ1,RCP01
Robot02,V01,V01,Vibration,0.303372349,0.595998348,4.126329317,0.578239898,1.133102496,4.172068739,61.26558778,32,LOT01,P12B000012,Substrate,TransArm,PJ1,CJ1,RCP01
Robot02,V01,V01,Vibration,0.30294757,0.597499751,4.120867557,0.578258795,1.132480392,4.168647771,61.25622181,31.5,LOT01,P12B000012,Substrate,TransArm,PJ1,CJ1,RCP01
Robot02,V01,V01,Vibration,0.304096422,0.598686545,4.117055337,0.577785503,1.132033083,4.165928285,61.24638355,31,LOT01,P12B000012,Substrate,TransArm,PJ1,CJ1,RCP01
Robot02,V01,V01,Vibration,0.307165915,0.599640281,4.115738475,0.576398362,1.132556344,4.164933367,61.2390048,31,LOT01,P12B000012,Substrate,TransArm,PJ1,CJ1,RCP01
Robot02,V01,V01,Vibration,0.311688097,0.600500803,4.116800769,0.574243381,1.133983691,4.165633251,61.2359615,31.5,LOT01,P12B000012,Substrate,TransArm,PJ1,CJ1,RCP01
Robot02,V01,V01,Vibration,0.316795911,0.599074722,4.119522799,0.571482927,1.135562303,4.166952112,61.23817883,32,LOT01,P12B000012,Substrate,TransArm,PJ1,CJ1,RCP01
Robot02,V01,V01,Vibration,0.321368133,0.59330679,4.122953442,0.568488316,1.136408141,4.167743391,61.2466796,31.5,LOT01,P12B000012,Substrate,TransArm,PJ1,CJ1,RCP01
Robot02,V01,V01,Vibration,0.324798005,0.582651889,4.126516816,0.5657334,1.136249302,4.16733054,61.26080576,32,LOT01,P12B000012,Substrate,TransArm,PJ1,CJ1,RCP01
Robot02,V01,V01,Vibration,0.326598461,0.568707346,4.129707085,0.564046096,1.135564708,4.165765541,61.27595357,32,LOT01,P12B000012,Substrate,TransArm,PJ1,CJ1,RCP01
Robot02,V01,V01,Vibration,0.327103198,0.556570173,4.132203686,0.564541186,1.135386607,4.163685828,61.28562819,31,LOT01,P12B000012,Substrate,TransArm,PJ1,CJ1,RCP01
Robot02,V01,V01,Vibration,0.326153437,0.549519841,4.133709644,0.568810527,1.137177033,4.161678531,61.28197616,31,LOT01,P12B000012,Substrate,TransArm,PJ1,CJ1,RCP01
Robot02,V01,V01,Vibration,0.324408969,0.550069656,4.134101505,0.57703435,1.140970381,4.160255593,61.26357892,31,LOT01,P12B000012,Substrate,TransArm,PJ1,CJ1,RCP01
Robot02,V01,V01,Vibration,0.321843131,0.558281085,4.132899375,0.587785926,1.145184414,4.159717712,61.23504181,31.5,LOT01,P12B000012,Substrate,TransArm,PJ1,CJ1,RCP01
Robot02,V01,V01,Vibration,0.318506814,0.57168018,4.130517495,0.597677481,1.146712597,4.160165561,61.2133805,32,LOT01,P12B000012,Substrate,TransArm,PJ1,CJ1,RCP01
Robot02,V01,V01,Vibration,0.314388316,0.587978833,4.126801899,0.603631855,1.141977125,4.161575461,61.21367349,31,LOT01,P12B000012,Substrate,TransArm,PJ1,CJ1,RCP01
Robot02,V01,V01,Vibration,0.309919844,0.604715091,4.12211012,0.604203376,1.130031675,4.163853102,61.24164343,32,LOT01,P12B000012,Substrate,TransArm,PJ1,CJ1,RCP01
Robot02,V01,V01,Vibration,0.306080692,0.619896957,4.117703289,0.600452406,1.113555477,4.166528746,61.28518752,30,LOT01,P12B000012,Substrate,TransArm,PJ1,CJ1,RCP01
Robot02,V01,V01,Vibration,0.303649086,0.631651028,4.115646796,0.595027881,1.098304195,4.168703125,61.31809119,30,LOT01,P12B000012,Substrate,TransArm,PJ1,CJ1,RCP01
Robot02,V01,V01,Vibration,0.303347973,0.638530669,4.117514428,0.590466716,1.088956019,4.169781303,61.32763034,31.5,LOT01,P12B000012,Substrate,TransArm,PJ1,CJ1,RCP01
Robot02,V01,V01,Vibration,0.305427978,0.640635536,4.122627812,0.587819385,1.087055457,4.169479319,61.30547771,31,LOT01,P12B000012,Substrate,TransArm,PJ1,CJ1,RCP01
Robot02,V01,V01,Vibration,0.30908992,0.639493032,4.129417648,0.586974515,1.091400093,4.167704805,61.27184449,31,LOT01,P12B000012,Substrate,TransArm,PJ1,CJ1,RCP01
Robot02,V01,V01,Vibration,0.313047488,0.636596032,4.13528961,0.587562173,1.10007152,4.164568204,61.25069125,32,LOT01,P12B000012,Substrate,TransArm,PJ1,CJ1,RCP01
Robot02,V01,V01,Vibration,0.316367451,0.633229707,4.138542781,0.589065053,1.111334836,4.160377458,61.25398283,32,LOT01,P12B000012,Substrate,TransArm,PJ1,CJ1,RCP01
Robot02,V01,V01,Vibration,0.31827001,0.629794199,4.13867163,0.590803649,1.123168875,4.155658386,61.28074237,30,LOT01,P12B000012,Substrate,TransArm,PJ1,CJ1,RCP01
Robot02,V01,V01,Vibration,0.318336311,0.625486367,4.136028369,0.591622342,1.133508796,4.151652059,61.31843367,30,LOT01,P12B000012,Substrate,TransArm,PJ1,CJ1,RCP01
Robot02,V01,V01,Vibration,0.316153461,0.619759347,4.131663984,0.590305216,1.140080251,4.149174358,61.34833644,30.5,LOT01,P12B000013,Substrate,TransArm,PJ1,CJ1,RCP01
Robot02,V01,V01,Vibration,0.312032735,0.611788055,4.126134484,0.585896515,1.141737505,4.149105335,61.35897926,30.5,LOT01,P12B000013,Substrate,TransArm,PJ1,CJ1,RCP01
Robot02,V01,V01,Vibration,0.306452233,0.602256315,4.12040885,0.579414421,1.13824306,4.151578459,61.34716164,32,LOT01,P12B000013,Substrate,TransArm,PJ1,CJ1,RCP01
Robot02,V01,V01,Vibration,0.302597831,0.59250973,4.115786114,0.572936134,1.131437411,4.155865675,61.32096489,32,LOT01,P12B000013,Substrate,TransArm,PJ1,CJ1,RCP01
Robot02,V01,V01,Vibration,0.302286923,0.584302853,4.113399026,0.568807492,1.123367491,4.16161937,61.28729571,31,LOT01,P12B000013,Substrate,TransArm,PJ1,CJ1,RCP01
Robot02,V01,V01,Vibration,0.307170089,0.57866441,4.114079647,0.568966942,1.11611254,4.167615462,61.25326647,31.5,LOT01,P12B000013,Substrate,TransArm,PJ1,CJ1,RCP01
Robot02,V01,V01,Vibration,0.316451144,0.575917611,4.117365072,0.572667304,1.110803688,4.173005861,61.22406476,31,LOT01,P12B000013,Substrate,TransArm,PJ1,CJ1,RCP01
Robot02,V01,V01,Vibration,0.326206471,0.575315602,4.121701215,0.577856204,1.108664595,4.176937885,61.20479802,31,LOT01,P12B000013,Substrate,TransArm,PJ1,CJ1,RCP01
Robot02,V01,V01,Vibration,0.332595337,0.575800101,4.124965739,0.581631216,1.110341666,4.177486169,61.19960574,31,LOT01,P12B000013,Substrate,TransArm,PJ1,CJ1,RCP01
Robot02,V01,V01,Vibration,0.332601227,0.576636679,4.12582871,0.582226962,1.116003504,4.174151409,61.21033079,30,LOT01,P12B000013,Substrate,TransArm,PJ1,CJ1,RCP01
Robot02,V01,V01,Vibration,0.326684421,0.577583402,4.124149214,0.579707063,1.124264083,4.16786981,61.23476644,31,LOT01,P12B000013,Substrate,TransArm,PJ1,CJ1,RCP01
Robot02,V01,V01,Vibration,0.31818425,0.578518059,4.121310174,0.577102779,1.131230227,4.160296188,61.26309397,31,LOT01,P12B000013,Substrate,TransArm,PJ1,CJ1,RCP01
Robot02,V01,V01,Vibration,0.311369517,0.579403066,4.118845925,0.576996793,1.132118068,4.153672495,61.2837315,31,LOT01,P12B000013,Substrate,TransArm,PJ1,CJ1,RCP01
Robot02,V01,V01,Vibration,0.308888263,0.580343283,4.117760007,0.581146024,1.124420869,4.150252644,61.29033878,31,LOT01,P12B000013,Substrate,TransArm,PJ1,CJ1,RCP01
Robot02,V01,V01,Vibration,0.310513308,0.581537819,4.118358214,0.589049803,1.109193406,4.150569013,61.28274802,32,LOT01,P12B000013,Substrate,TransArm,PJ1,CJ1,RCP01
Robot02,V01,V01,Vibration,0.313068178,0.583102502,4.120061828,0.598103479,1.092721518,4.154464357,61.27083513,31,LOT01,P12B000013,Substrate,TransArm,PJ1,CJ1,RCP01
Robot02,V01,V01,Vibration,0.312721113,0.58552208,4.122076703,0.604664135,1.080264337,4.161170266,61.26609152,31,LOT01,P12B000013,Substrate,TransArm,PJ1,CJ1,RCP01
Robot02,V01,V01,Vibration,0.306986081,0.588710225,4.123802612,0.606310284,1.076792265,4.170412909,61.27644824,31,LOT01,P12B000013,Substrate,TransArm,PJ1,CJ1,RCP01
Robot02,V01,V01,Vibration,0.296659,0.592275163,4.124978817,0.602734095,1.082342496,4.180530979,61.30038052,31,LOT01,P12B000013,Substrate,TransArm,PJ1,CJ1,RCP01
Robot02,V01,V01,Vibration,0.285596428,0.595150767,4.125588697,0.596304527,1.092510971,4.188923944,61.32861584,31,LOT01,P12B000013,Substrate,TransArm,PJ1,CJ1,RCP01
Robot02,V01,V01,Vibration,0.278555403,0.596096168,4.125690164,0.589498839,1.102886279,4.192542136,61.34917338,30,LOT01,P12B000013,Substrate,TransArm,PJ1,CJ1,RCP01
Robot02,V01,V01,Vibration,0.278760781,0.594396045,4.125360376,0.584370264,1.109450319,4.189467587,61.35438355,31.5,LOT01,P12B000013,Substrate,TransArm,PJ1,CJ1,RCP01
Robot02,V01,V01,Vibration,0.285898811,0.590876829,4.124696317,0.581869138,1.111254553,4.181114681,61.34374792,32,LOT01,P12B000013,Substrate,TransArm,PJ1,CJ1,RCP01
Robot02,V01,V01,Vibration,0.296751296,0.587632747,4.123864213,0.582127039,1.109492129,4.170774901,61.3265165,30,LOT01,P12B000013,Substrate,TransArm,PJ1,CJ1,RCP01
Robot02,V01,V01,Vibration,0.30699233,0.5872358,4.123029471,0.585236526,1.106247667,4.162943213,61.31208734,31.5,LOT01,P12B000013,Substrate,TransArm,PJ1,CJ1,RCP01
Robot02,V01,V01,Vibration,0.313697296,0.591240499,4.122366157,0.590768695,1.102914014,4.160633542,61.30636287,30.5,LOT01,P12B000013,Substrate,TransArm,PJ1,CJ1,RCP01
Robot02,V01,V01,Vibration,0.316031452,0.598844114,4.122054529,0.597173855,1.099973037,4.16412075,61.30874769,31.5,LOT01,P12B000013,Substrate,TransArm,PJ1,CJ1,RCP01
Robot02,V01,V01,Vibration,0.315129699,0.606700389,4.122324277,0.602744824,1.096890876,4.170418548,61.31101738,30.5,LOT01,P12B000013,Substrate,TransArm,PJ1,CJ1,RCP01
Robot02,V01,V01,Vibration,0.31276867,0.611138298,4.123366122,0.604557821,1.093079256,4.176088378,61.30347723,32,LOT01,P12B000013,Substrate,TransArm,PJ1,CJ1,RCP01
Robot02,V01,V01,Vibration,0.310467901,0.609342778,4.125296569,0.601174173,1.088275781,4.179036098,61.27986127,31,LOT01,P12B000014,Substrate,TransArm,PJ1,CJ1,RCP01
Robot02,V01,V01,Vibration,0.308760636,0.601182718,4.127962413,0.593066653,1.083416438,4.178306627,61.24071489,31,LOT01,P12B000014,Substrate,TransArm,PJ1,CJ1,RCP01
Robot02,V01,V01,Vibration,0.308094162,0.588489392,4.130956518,0.583630847,1.0803136,4.174618488,61.1960796,31,LOT01,P12B000014,Substrate,TransArm,PJ1,CJ1,RCP01
Robot02,V01,V01,Vibration,0.30907159,0.574252356,4.133803174,0.576625709,1.081961539,4.16892453,61.15658706,31,LOT01,P12B000014,Substrate,TransArm,PJ1,CJ1,RCP01
Robot02,V01,V01,Vibration,0.311569007,0.560564229,4.136102215,0.5748855,1.089269948,4.162411582,61.13168957,32,LOT01,P12B000014,Substrate,TransArm,PJ1,CJ1,RCP01
Robot02,V01,V01,Vibration,0.315131896,0.548943632,4.137631745,0.578303862,1.101323905,4.156442592,61.1257211,31,LOT01,P12B000014,Substrate,TransArm,PJ1,CJ1,RCP01
Robot02,V01,V01,Vibration,0.318473153,0.540309808,4.138275588,0.584099343,1.115072582,4.152829999,61.14051755,32,LOT01,P12B000014,Substrate,TransArm,PJ1,CJ1,RCP01
Robot02,V01,V01,Vibration,0.320322087,0.53574851,4.138017048,0.588894932,1.12678343,4.153690439,61.17709405,32,LOT01,P12B000014,Substrate,TransArm,PJ1,CJ1,RCP01
Robot02,V01,V01,Vibration,0.319764536,0.535422869,4.13686149,0.590242496,1.133496483,4.16015781,61.23367784,32,LOT01,P12B000014,Substrate,TransArm,PJ1,CJ1,RCP01
Robot02,V01,V01,Vibration,0.317220014,0.53953628,4.134952051,0.588818075,1.135002521,4.171239937,61.30066842,31,LOT01,P12B000014,Substrate,TransArm,PJ1,CJ1,RCP01
Robot02,V01,V01,Vibration,0.313545757,0.548000515,4.132660651,0.586415027,1.132628903,4.183966888,61.35909395,31,LOT01,P12B000014,Substrate,TransArm,PJ1,CJ1,RCP01
Robot02,V01,V01,Vibration,0.310728134,0.559906129,4.130428922,0.586372082,1.128584074,4.194556287,61.38833722,31,LOT01,P12B000014,Substrate,TransArm,PJ1,CJ1,RCP01
Robot02,V01,V01,Vibration,0.310044878,0.57442549,4.128633139,0.591138768,1.124349949,4.200294195,61.37541963,30,LOT01,P12B000014,Substrate,TransArm,PJ1,CJ1,RCP01
Robot02,V01,V01,Vibration,0.310524404,0.589940672,4.127361867,0.599540628,1.120525592,4.20045923,61.32293094,32,LOT01,P12B000014,Substrate,TransArm,PJ1,CJ1,RCP01
Robot02,V01,V01,Vibration,0.311763629,0.603916488,4.126677152,0.608395181,1.116950138,4.196269343,61.25495665,30,LOT01,P12B000014,Substrate,TransArm,PJ1,CJ1,RCP01
Robot02,V01,V01,Vibration,0.311791662,0.613352077,4.126538353,0.61281069,1.113012039,4.189493216,61.19881058,30,LOT01,P12B000014,Substrate,TransArm,PJ1,CJ1,RCP01
Robot02,V01,V01,Vibration,0.309026881,0.616227798,4.12689926,0.610538737,1.108422522,4.181629325,61.17440652,31,LOT01,P12B000014,Substrate,TransArm,PJ1,CJ1,RCP01
Robot02,V01,V01,Vibration,0.303159704,0.612815736,4.127341306,0.601837909,1.103199928,4.173738788,61.18340147,31,LOT01,P12B000014,Substrate,TransArm,PJ1,CJ1,RCP01
Robot02,V01,V01,Vibration,0.297501692,0.605003296,4.127124377,0.590732485,1.097699624,4.166429328,61.21245821,31,LOT01,P12B000014,Substrate,TransArm,PJ1,CJ1,RCP01
Robot02,V01,V01,Vibration,0.294140694,0.595242864,4.125381615,0.582395666,1.092313768,4.160741951,61.24077351,30,LOT01,P12B000014,Substrate,TransArm,PJ1,CJ1,RCP01
Robot02,V01,V01,Vibration,0.294927616,0.585577742,4.121750285,0.580098554,1.087481703,4.156871297,61.25505412,32,LOT01,P12B000014,Substrate,TransArm,PJ1,CJ1,RCP01
Robot02,V01,V01,Vibration,0.299552914,0.577128107,4.116429761,0.58427315,1.083619596,4.155139023,61.25224813,30,LOT01,P12B000014,Substrate,TransArm,PJ1,CJ1,RCP01
Robot02,V01,V01,Vibration,0.30643099,0.569852179,4.110768678,0.591749318,1.081246676,4.156451496,61.24243438,31,LOT01,P12B000014,Substrate,TransArm,PJ1,CJ1,RCP01
Robot02,V01,V01,Vibration,0.31353958,0.563493565,4.106298951,0.59849941,1.081046646,4.160889368,61.2365788,31,LOT01,P12B000014,Substrate,TransArm,PJ1,CJ1,RCP01
Robot02,V01,V01,Vibration,0.318699795,0.557962652,4.104280159,0.601466245,1.083374769,4.168482358,61.24261103,30,LOT01,P12B000014,Substrate,TransArm,PJ1,CJ1,RCP01
Robot02,V01,V01,Vibration,0.320824417,0.553467354,4.104992509,0.600379089,1.087843757,4.178851387,61.25941125,30,LOT01,P12B000014,Substrate,TransArm,PJ1,CJ1,RCP01
Robot02,V01,V01,Vibration,0.318964923,0.550555188,4.108029897,0.596361176,1.093744444,4.190195937,61.27824647,31,LOT01,P12B000014,Substrate,TransArm,PJ1,CJ1,RCP01
Robot02,V01,V01,Vibration,0.312189999,0.549352471,4.112882564,0.592127778,1.100123339,4.201299901,61.2866261,30,LOT01,P12B000014,Substrate,TransArm,PJ1,CJ1,RCP01
Robot02,V01,V01,Vibration,0.300533342,0.550428893,4.11869271,0.589630174,1.105984944,4.210739488,61.27813505,31,LOT01,P12B000014,Substrate,TransArm,PJ1,CJ1,RCP01
Robot02,V01,V01,Vibration,0.286004241,0.554242837,4.124654442,0.589273598,1.110047219,4.217517649,61.25673056,30,LOT01,P12B000015,Substrate,TransArm,PJ1,CJ1,RCP01
Robot02,V01,V01,Vibration,0.273062499,0.561386526,4.1293567,0.591620016,1.11033646,4.220498053,61.23221965,31,LOT01,P12B000015,Substrate,TransArm,PJ1,CJ1,RCP01
Robot02,V01,V01,Vibration,0.267417076,0.572585038,4.131269967,0.596897096,1.105415783,4.218737346,61.22555598,31.5,LOT01,P12B000015,Substrate,TransArm,PJ1,CJ1,RCP01
Robot02,V01,V01,Vibration,0.272174989,0.587533867,4.129214712,0.604761217,1.093625274,4.211832775,61.2455401,31,LOT01,P12B000015,Substrate,TransArm,PJ1,CJ1,RCP01
Robot02,V01,V01,Vibration,0.285241866,0.602740771,4.12444036,0.613639051,1.079023161,4.201415526,61.28812215,32,LOT01,P12B000015,Substrate,TransArm,PJ1,CJ1,RCP01
Robot02,V01,V01,Vibration,0.29931487,0.611763162,4.120230612,0.620392041,1.069668557,4.190681358,61.33954147,31,LOT01,P12B000015,Substrate,TransArm,PJ1,CJ1,RCP01
Robot02,V01,V01,Vibration,0.306930268,0.608759295,4.119554884,0.622579585,1.072276429,4.182801218,61.38207493,31.5,LOT01,P12B000015,Substrate,TransArm,PJ1,CJ1,RCP01
Robot02,V01,V01,Vibration,0.305491189,0.593554076,4.123007858,0.619295141,1.088641967,4.179028533,61.40358139,32,LOT01,P12B000015,Substrate,TransArm,PJ1,CJ1,RCP01
Robot02,V01,V01,Vibration,0.297852986,0.57249967,4.129302854,0.612434874,1.112610616,4.178063123,61.40861209,31,LOT01,P12B000015,Substrate,TransArm,PJ1,CJ1,RCP01
Robot02,V01,V01,Vibration,0.289259891,0.55511781,4.134703871,0.604925987,1.132592716,4.177780663,61.40060515,30,LOT01,P12B000015,Substrate,TransArm,PJ1,CJ1,RCP01
Robot02,V01,V01,Vibration,0.284213103,0.549182379,4.136972174,0.598901839,1.141980068,4.176050231,61.38494586,30.5,LOT01,P12B000015,Substrate,TransArm,PJ1,CJ1,RCP01
Robot02,V01,V01,Vibration,0.284350585,0.555667224,4.135556451,0.595451097,1.136995283,4.172708628,61.36626446,32,LOT01,P12B000015,Substrate,TransArm,PJ1,CJ1,RCP01
Robot02,V01,V01,Vibration,0.28868118,0.568527508,4.131995799,0.594071483,1.123359682,4.168763933,61.34787332,31.5,LOT01,P12B000015,Substrate,TransArm,PJ1,CJ1,RCP01
Robot02,V01,V01,Vibration,0.295114668,0.578622312,4.128639572,0.593686996,1.107489172,4.165949555,61.33334896,31,LOT01,P12B000015,Substrate,TransArm,PJ1,CJ1,RCP01
Robot02,V01,V01,Vibration,0.301790584,0.577717429,4.127354497,0.593359646,1.095592982,4.165719316,61.32470339,31.5,LOT01,P12B000015,Substrate,TransArm,PJ1,CJ1,RCP01
Robot02,V01,V01,Vibration,0.307700042,0.564616674,4.128904444,0.592797131,1.089488068,4.168270405,61.32399878,30,LOT01,P12B000015,Substrate,TransArm,PJ1,CJ1,RCP01
Robot02,V01,V01,Vibration,0.312251695,0.547027944,4.131930912,0.592366725,1.087952954,4.172577956,61.3271925,31,LOT01,P12B000015,Substrate,TransArm,PJ1,CJ1,RCP01
Robot02,V01,V01,Vibration,0.315104092,0.533654234,4.134449554,0.592897963,1.08807464,4.176984183,61.33101202,31.5,LOT01,P12B000015,Substrate,TransArm,PJ1,CJ1,RCP01
Robot02,V01,V01,Vibration,0.31598651,0.533101136,4.134941176,0.594812163,1.087263035,4.180290917,61.33095853,31,LOT01,P12B000015,Substrate,TransArm,PJ1,CJ1,RCP01
Robot02,V01,V01,Vibration,0.315112754,0.546851016,4.132809046,0.597967008,1.084734898,4.182115454,61.3278302,32,LOT01,P12B000015,Substrate,TransArm,PJ1,CJ1,RCP01
Robot02,V01,V01,Vibration,0.313175107,0.569303029,4.128952805,0.601526923,1.081412355,4.182596816,61.32078719,31,LOT01,P12B000015,Substrate,TransArm,PJ1,CJ1,RCP01
Robot02,V01,V01,Vibration,0.311258787,0.590669371,4.124725834,0.60429794,1.079087747,4.182753619,61.31246331,30.5,LOT01,P12B000015,Substrate,TransArm,PJ1,CJ1,RCP01
Robot02,V01,V01,Vibration,0.310093933,0.603998044,4.121489427,0.605162907,1.078882548,4.183178875,61.3008607,30,LOT01,P12B000015,Substrate,TransArm,PJ1,CJ1,RCP01
Robot02,V01,V01,Vibration,0.309910772,0.606461662,4.119601285,0.603995134,1.081097589,4.184427201,61.28684612,31.5,LOT01,P12B000015,Substrate,TransArm,PJ1,CJ1,RCP01
Robot02,V01,V01,Vibration,0.310060569,0.600966167,4.119099354,0.601644917,1.084159875,4.186968616,61.27256126,32,LOT01,P12B000015,Substrate,TransArm,PJ1,CJ1,RCP01
Robot02,V01,V01,Vibration,0.309478134,0.59305492,4.119596189,0.599342628,1.085690572,4.191805459,61.25608055,30,LOT01,P12B000015,Substrate,TransArm,PJ1,CJ1,RCP01
Robot02,V01,V01,Vibration,0.307405448,0.587973885,4.12095836,0.598219622,1.083952226,4.199005505,61.23686223,31,LOT01,P12B000015,Substrate,TransArm,PJ1,CJ1,RCP01
Robot02,V01,V01,Vibration,0.30353611,0.586525317,4.122735246,0.598422377,1.079222486,4.208075452,61.2169122,31,LOT01,P12B000015,Substrate,TransArm,PJ1,CJ1,RCP01
Robot02,V01,V01,Vibration,0.298004464,0.585512752,4.124579687,0.599918004,1.073486802,4.217270249,61.1974166,31,LOT01,P12B000015,Substrate,TransArm,PJ1,CJ1,RCP01
Robot02,V01,V01,Vibration,0.292011482,0.580968436,4.125760729,0.60194904,1.069866413,4.224197533,61.18159927,31,LOT01,P12B000015,Substrate,TransArm,PJ1,CJ1,RCP01
Robot02,V01,V01,Vibration,0.285766622,0.568903129,4.125966613,0.604024567,1.071189845,4.226992337,61.17172417,31,LOT01,P12B000015,Substrate,TransArm,PJ1,CJ1,RCP01
Robot02,V01,V01,Vibration,0.280270948,0.550450169,4.125129757,0.60576858,1.077129268,4.2251749,61.16812091,31,LOT01,P12B000016,Substrate,TransArm,PJ1,CJ1,RCP01
Robot02,V01,V01,Vibration,0.275909323,0.531603564,4.123673049,0.606778757,1.084308738,4.219099582,61.16906259,31,LOT01,P12B000016,Substrate,TransArm,PJ1,CJ1,RCP01
Robot02,V01,V01,Vibration,0.273369267,0.521959005,4.122263929,0.606806909,1.087589728,4.210207022,61.17198764,32,LOT01,P12B000016,Substrate,TransArm,PJ1,CJ1,RCP01
Robot02,V01,V01,Vibration,0.273086431,0.52771863,4.121519145,0.605653534,1.083197284,4.199612079,61.1745549,30,LOT01,P12B000016,Substrate,TransArm,PJ1,CJ1,RCP01
Robot02,V01,V01,Vibration,0.275251749,0.550222922,4.121456092,0.603429887,1.071036699,4.189168429,61.1760494,31,LOT01,P12B000016,Substrate,TransArm,PJ1,CJ1,RCP01
Robot02,V01,V01,Vibration,0.27964681,0.583315568,4.121886879,0.60061995,1.056078982,4.179771752,61.1773854,31,LOT01,P12B000016,Substrate,TransArm,PJ1,CJ1,RCP01
Robot02,V01,V01,Vibration,0.285531746,0.616830635,4.122259301,0.59791927,1.045154902,4.173282394,61.18023132,31,LOT01,P12B000016,Substrate,TransArm,PJ1,CJ1,RCP01
Robot02,V01,V01,Vibration,0.292560046,0.642516971,4.122184944,0.595944301,1.044063972,4.170970607,61.18621532,31.5,LOT01,P12B000016,Substrate,TransArm,PJ1,CJ1,RCP01
Robot02,V01,V01,Vibration,0.299669871,0.655334248,4.12166235,0.59511696,1.053956162,4.17336117,61.19730479,32,LOT01,P12B000016,Substrate,TransArm,PJ1,CJ1,RCP01
Robot02,V01,V01,Vibration,0.305154689,0.654820025,4.12097357,0.595769186,1.0711443,4.178819504,61.216103,31.5,LOT01,P12B000016,Substrate,TransArm,PJ1,CJ1,RCP01
Robot02,V01,V01,Vibration,0.306935288,0.642290447,4.120669133,0.598175156,1.088660612,4.186279619,61.24640565,31,LOT01,P12B000016,Substrate,TransArm,PJ1,CJ1,RCP01
Robot02,V01,V01,Vibration,0.303493553,0.61723666,4.121249129,0.602418306,1.101440037,4.19460951,61.29007845,31,LOT01,P12B000016,Substrate,TransArm,PJ1,CJ1,RCP01
Robot02,V01,V01,Vibration,0.295237515,0.583902879,4.122671574,0.608110144,1.106774598,4.201664929,61.34173212,31,LOT01,P12B000016,Substrate,TransArm,PJ1,CJ1,RCP01
Robot02,V01,V01,Vibration,0.285288885,0.548547514,4.124281958,0.613898048,1.105394021,4.206011463,61.38606582,31,LOT01,P12B000016,Substrate,TransArm,PJ1,CJ1,RCP01
Robot02,V01,V01,Vibration,0.278096969,0.520641984,4.125219845,0.618047659,1.099015681,4.205703209,61.40277827,32,LOT01,P12B000016,Substrate,TransArm,PJ1,CJ1,RCP01
Robot02,V01,V01,Vibration,0.277178312,0.506372806,4.124691425,0.619165308,1.089650365,4.199756362,61.37652727,32,LOT01,P12B000016,Substrate,TransArm,PJ1,CJ1,RCP01
Robot02,V01,V01,Vibration,0.283215427,0.507553258,4.122844883,0.617208,1.078738515,4.188755908,61.31034182,31,LOT01,P12B000016,Substrate,TransArm,PJ1,CJ1,RCP01
Robot02,V01,V01,Vibration,0.293415267,0.519496056,4.120528982,0.613510169,1.068918223,4.177219273,61.23075104,31.5,LOT01,P12B000016,Substrate,TransArm,PJ1,CJ1,RCP01
Robot02,V01,V01,Vibration,0.303245718,0.533781474,4.119460103,0.610218563,1.062279012,4.17090966,61.17664916,30,LOT01,P12B000016,Substrate,TransArm,PJ1,CJ1,RCP01
Robot02,V01,V01,Vibration,0.309199493,0.543665427,4.12069439,0.6090942,1.060292617,4.175073213,61.17935634,32,LOT01,P12B000016,Substrate,TransArm,PJ1,CJ1,RCP01
Robot02,V01,V01,Vibration,0.309646753,0.545790583,4.124378273,0.610539641,1.063575576,4.18962469,61.24211505,31,LOT01,P12B000016,Substrate,TransArm,PJ1,CJ1,RCP01
Robot02,V01,V01,Vibration,0.305830065,0.541996725,4.128987886,0.613112998,1.070671048,4.208390302,61.33586531,30.5,LOT01,P12B000016,Substrate,TransArm,PJ1,CJ1,RCP01
Robot02,V01,V01,Vibration,0.300237827,0.534947334,4.132785321,0.614857963,1.079070003,4.223084541,61.4144991,32,LOT01,P12B000016,Substrate,TransArm,PJ1,CJ1,RCP01
Robot02,V01,V01,Vibration,0.29488636,0.527197791,4.133991851,0.614041597,1.086744655,4.226985073,61.439973,31,LOT01,P12B000016,Substrate,TransArm,PJ1,CJ1,RCP01
Robot02,V01,V01,Vibration,0.29092905,0.521837284,4.132314991,0.610195586,1.092306464,4.218583645,61.40373573,31,LOT01,P12B000016,Substrate,TransArm,PJ1,CJ1,RCP01
Robot02,V01,V01,Vibration,0.289005405,0.51918718,4.128785376,0.604052594,1.095444208,4.203221919,61.33040775,30.5,LOT01,P12B000016,Substrate,TransArm,PJ1,CJ1,RCP01
Robot02,V01,V01,Vibration,0.289060344,0.521391613,4.125411626,0.597397907,1.095809359,4.190211966,61.26139573,32,LOT01,P12B000016,Substrate,TransArm,PJ1,CJ1,RCP01
Robot02,V01,V01,Vibration,0.290953528,0.529803212,4.123568446,0.591244608,1.093343699,4.185832083,61.23016218,30,LOT01,P12B000016,Substrate,TransArm,PJ1,CJ1,RCP01
Robot02,V01,V01,Vibration,0.294714571,0.542982963,4.12382209,0.586757881,1.088730088,4.192584196,61.24881112,30.5,LOT01,P12B000016,Substrate,TransArm,PJ1,CJ1,RCP01
Robot02,V01,V01,Vibration,0.299162733,0.556413515,4.125460233,0.5845613,1.083643189,4.205243264,61.29910051,31,LOT01,P12B000016,Substrate,TransArm,PJ1,CJ1,RCP01
Robot02,V01,V01,Vibration,0.302853751,0.563500732,4.126998682,0.585402109,1.079799373,4.217299298,61.35186915,30,LOT01,P12B000017,Substrate,TransArm,PJ1,CJ1,RCP01
Robot02,V01,V01,Vibration,0.304711408,0.559560178,4.127428063,0.589215112,1.078983754,4.222131995,61.37907527,31,LOT01,P12B000017,Substrate,TransArm,PJ1,CJ1,RCP01
Robot02,V01,V01,Vibration,0.304618484,0.544606904,4.126416018,0.595704246,1.081434238,4.217705024,61.36955203,30,LOT01,P12B000017,Substrate,TransArm,PJ1,CJ1,RCP01
Robot02,V01,V01,Vibration,0.302800303,0.525451911,4.124658473,0.603013015,1.085328438,4.207716916,61.33670918,30,LOT01,P12B000017,Substrate,TransArm,PJ1,CJ1,RCP01
Robot02,V01,V01,Vibration,0.29914949,0.511470145,4.123206964,0.60870635,1.087998424,4.19896793,61.2983568,31,LOT01,P12B000017,Substrate,TransArm,PJ1,CJ1,RCP01
Robot02,V01,V01,Vibration,0.294383719,0.511107763,4.122980724,0.610983118,1.087857057,4.195636061,61.26588046,30,LOT01,P12B000017,Substrate,TransArm,PJ1,CJ1,RCP01
Robot02,V01,V01,Vibration,0.288944467,0.525908265,4.124170171,0.609213059,1.084320922,4.199859066,61.25230272,31,LOT01,P12B000017,Substrate,TransArm,PJ1,CJ1,RCP01
Robot02,V01,V01,Vibration,0.284197594,0.548080474,4.126195827,0.604651489,1.080886039,4.207863,61.25330744,30,LOT01,P12B000017,Substrate,TransArm,PJ1,CJ1,RCP01
Robot02,V01,V01,Vibration,0.282452496,0.56727295,4.127814883,0.599526922,1.082538008,4.215134076,61.25781064,32,LOT01,P12B000017,Substrate,TransArm,PJ1,CJ1,RCP01
Robot02,V01,V01,Vibration,0.284670606,0.575329973,4.128196812,0.595568602,1.093863752,4.217158599,61.26055634,31,LOT01,P12B000017,Substrate,TransArm,PJ1,CJ1,RCP01
Robot02,V01,V01,Vibration,0.291154602,0.568363931,4.126914338,0.593681303,1.109794952,4.212587902,61.25999014,31,LOT01,P12B000017,Substrate,TransArm,PJ1,CJ1,RCP01
Robot02,V01,V01,Vibration,0.298553969,0.552773821,4.124701314,0.593485177,1.124599373,4.203912271,61.25634821,31,LOT01,P12B000017,Substrate,TransArm,PJ1,CJ1,RCP01
Robot02,V01,V01,Vibration,0.303270989,0.539631736,4.12234218,0.594014664,1.129933431,4.195337435,61.24905079,31,LOT01,P12B000017,Substrate,TransArm,PJ1,CJ1,RCP01
Robot02,V01,V01,Vibration,0.302105767,0.536843043,4.120744884,0.594677385,1.11266523,4.189960569,61.24850149,30.5,LOT01,P12B000017,Substrate,TransArm,PJ1,CJ1,RCP01
Robot02,V01,V01,Vibration,0.294995076,0.547059313,4.120189769,0.595459375,1.076661456,4.189331934,61.24914694,31,LOT01,P12B000017,Substrate,TransArm,PJ1,CJ1,RCP01
Robot02,V01,V01,Vibration,0.285562279,0.564200651,4.120230367,0.597015609,1.036730263,4.192550967,61.24426133,32,LOT01,P12B000017,Substrate,TransArm,PJ1,CJ1,RCP01
Robot02,V01,V01,Vibration,0.278886309,0.579947384,4.120366486,0.600063224,1.012759547,4.197691667,61.23248878,31,LOT01,P12B000017,Substrate,TransArm,PJ1,CJ1,RCP01
Robot02,V01,V01,Vibration,0.276756395,0.590222082,4.120394635,0.605165832,1.014841786,4.203091602,61.20595852,31,LOT01,P12B000017,Substrate,TransArm,PJ1,CJ1,RCP01
Robot02,V01,V01,Vibration,0.279014213,0.593599016,4.120556301,0.610966936,1.039027956,4.207781891,61.17112685,32,LOT01,P12B000017,Substrate,TransArm,PJ1,CJ1,RCP01
Robot02,V01,V01,Vibration,0.28160661,0.593460261,4.121478083,0.615343012,1.072787363,4.210782408,61.13640783,32,LOT01,P12B000017,Substrate,TransArm,PJ1,CJ1,RCP01
Robot02,V01,V01,Vibration,0.281436339,0.591973943,4.123618214,0.616489869,1.10459436,4.211374708,61.10737572,31,LOT01,P12B000017,Substrate,TransArm,PJ1,CJ1,RCP01
Robot02,V01,V01,Vibration,0.277434958,0.590476333,4.126935223,0.613727029,1.126205224,4.209312139,61.09384563,30,LOT01,P12B000017,Substrate,TransArm,PJ1,CJ1,RCP01
Robot02,V01,V01,Vibration,0.271293579,0.589282457,4.130412016,0.608787314,1.136276672,4.204886368,61.09559678,31,LOT01,P12B000017,Substrate,TransArm,PJ1,CJ1,RCP01
Robot02,V01,V01,Vibration,0.266524534,0.588605855,4.132310224,0.604468587,1.136385415,4.199404652,61.11509363,30.5,LOT01,P12B000017,Substrate,TransArm,PJ1,CJ1,RCP01
Robot02,V01,V01,Vibration,0.266496323,0.588063449,4.13129469,0.603221341,1.1281412,4.193859562,61.1530654,32,LOT01,P12B000017,Substrate,TransArm,PJ1,CJ1,RCP01
Robot02,V01,V01,Vibration,0.272119615,0.587532642,4.127011321,0.6060402,1.113814917,4.189091248,61.20418029,31,LOT01,P12B000017,Substrate,TransArm,PJ1,CJ1,RCP01
Robot02,V01,V01,Vibration,0.281951429,0.585971713,4.120531195,0.611382448,1.097162779,4.185685762,61.25802525,31,LOT01,P12B000017,Substrate,TransArm,PJ1,CJ1,RCP01
Robot02,V01,V01,Vibration,0.291379423,0.581989321,4.114937037,0.615856896,1.083605111,4.18423022,61.29807025,30,LOT01,P12B000017,Substrate,TransArm,PJ1,CJ1,RCP01
Robot02,V01,V01,Vibration,0.296735686,0.574313084,4.112514959,0.617000534,1.077862943,4.185128843,61.30800457,30.5,LOT01,P12B000017,Substrate,TransArm,PJ1,CJ1,RCP01
Robot02,V01,V01,Vibration,0.296337445,0.562660543,4.114257413,0.613320064,1.081484253,4.188476033,61.28611398,30,LOT01,P12B000017,Substrate,TransArm,PJ1,CJ1,RCP01
Robot02,V01,V01,Vibration,0.29130853,0.547766015,4.119005341,0.606976918,1.091552328,4.194028319,61.24287127,30,LOT01,P12B000017,Substrate,TransArm,PJ1,CJ1,RCP01
Robot02,V01,V01,Vibration,0.284564404,0.531315437,4.124278382,0.602318534,1.100197395,4.201132592,61.20299327,31,LOT01,P12B000017,Substrate,TransArm,PJ1,CJ1,RCP01
Robot02,V01,V01,Vibration,0.279027569,0.515020194,4.127632048,0.602140657,1.102368924,4.209229154,61.191014,31,LOT01,P12B000017,Substrate,TransArm,PJ1,CJ1,RCP01
Robot02,V01,V01,Vibration,0.276499085,0.500604795,4.127925772,0.608865814,1.095139176,4.217331455,61.21450224,32,LOT01,P12B000018,Substrate,TransArm,PJ1,CJ1,RCP01
Robot02,V01,V01,Vibration,0.277317773,0.492049733,4.125845409,0.61969333,1.080874538,4.223805038,61.26093587,30,LOT01,P12B000018,Substrate,TransArm,PJ1,CJ1,RCP01
Robot02,V01,V01,Vibration,0.281299635,0.493820544,4.123163789,0.630154167,1.066272584,4.226438236,61.30374137,31,LOT01,P12B000018,Substrate,TransArm,PJ1,CJ1,RCP01
Robot02,V01,V01,Vibration,0.288004715,0.509381861,4.121643548,0.63548139,1.057015317,4.223170789,61.31701549,31,LOT01,P12B000018,Substrate,TransArm,PJ1,CJ1,RCP01
Robot02,V01,V01,Vibration,0.296605157,0.540767607,4.122197571,0.633254833,1.05622204,4.214374794,61.2919981,30.5,LOT01,P12B000018,Substrate,TransArm,PJ1,CJ1,RCP01
Robot02,V01,V01,Vibration,0.305313911,0.576962573,4.124538026,0.626395252,1.061702219,4.203747918,61.24191056,32,LOT01,P12B000018,Substrate,TransArm,PJ1,CJ1,RCP01
Robot02,V01,V01,Vibration,0.31192925,0.609008985,4.127692903,0.618945535,1.0696935,4.196212093,61.19395737,31,LOT01,P12B000018,Substrate,TransArm,PJ1,CJ1,RCP01
Robot02,V01,V01,Vibration,0.314116552,0.624811845,4.130625853,0.615019812,1.076226676,4.198196373,61.17488711,30,LOT01,P12B000018,Substrate,TransArm,PJ1,CJ1,RCP01
Robot02,V01,V01,Vibration,0.311274537,0.620114907,4.132726342,0.617220871,1.07875501,4.210743163,61.19659452,31,LOT01,P12B000018,Substrate,TransArm,PJ1,CJ1,RCP01
Robot02,V01,V01,Vibration,0.305052979,0.600270908,4.133852796,0.623196451,1.078491285,4.230129651,61.24425529,31,LOT01,P12B000018,Substrate,TransArm,PJ1,CJ1,RCP01
Robot02,V01,V01,Vibration,0.298433052,0.577905137,4.133930769,0.629478029,1.077382634,4.247428992,61.28944479,31,LOT01,P12B000018,Substrate,TransArm,PJ1,CJ1,RCP01
Robot02,V01,V01,Vibration,0.294624547,0.565297,4.132982837,0.632360379,1.077470738,4.254652027,61.30420642,30,LOT01,P12B000018,Substrate,TransArm,PJ1,CJ1,RCP01
Robot02,V01,V01,Vibration,0.29514467,0.56717714,4.131182818,0.630420266,1.080364413,4.249623677,61.27824157,31,LOT01,P12B000018,Substrate,TransArm,PJ1,CJ1,RCP01
Robot02,V01,V01,Vibration,0.299008193,0.579941934,4.128781254,0.625249604,1.086139481,4.235256832,61.22517782,30,LOT01,P12B000018,Substrate,TransArm,PJ1,CJ1,RCP01
Robot02,V01,V01,Vibration,0.303142712,0.595465373,4.126170526,0.619375854,1.094971704,4.218914401,61.17500584,31,LOT01,P12B000018,Substrate,TransArm,PJ1,CJ1,RCP01
Robot02,V01,V01,Vibration,0.306306317,0.603919887,4.123708319,0.617129496,1.106720523,4.209508881,61.15651443,30,LOT01,P12B000018,Substrate,TransArm,PJ1,CJ1,RCP01
Robot02,V01,V01,Vibration,0.306920214,0.600745791,4.121611525,0.619213217,1.12062997,4.208905396,61.18201832,31,LOT01,P12B000018,Substrate,TransArm,PJ1,CJ1,RCP01
Robot02,V01,V01,Vibration,0.306580975,0.584473017,4.120014574,0.623994369,1.135666867,4.214233407,61.24135186,31,LOT01,P12B000018,Substrate,TransArm,PJ1,CJ1,RCP01
Robot02,V01,V01,Vibration,0.306559744,0.55657705,4.118878939,0.62703565,1.150419484,4.218089903,61.3083524,30,LOT01,P12B000018,Substrate,TransArm,PJ1,CJ1,RCP01
Robot02,V01,V01,Vibration,0.30971612,0.519823865,4.118203167,0.624855636,1.163327727,4.213296331,61.35940757,31,LOT01,P12B000018,Substrate,TransArm,PJ1,CJ1,RCP01
Robot02,V01,V01,Vibration,0.31628906,0.477476375,4.117943968,0.616450654,1.173581141,4.196853066,61.3790503,32,LOT01,P12B000018,Substrate,TransArm,PJ1,CJ1,RCP01
Robot02,V01,V01,Vibration,0.324748096,0.435676974,4.117976019,0.603215452,1.181718628,4.174222372,61.3830984,32,LOT01,P12B000018,Substrate,TransArm,PJ1,CJ1,RCP01
Robot02,V01,V01,Vibration,0.328007131,0.402854773,4.118160452,0.590645033,1.189059422,4.152391379,61.39464574,31,LOT01,P12B000018,Substrate,TransArm,PJ1,CJ1,RCP01
Robot02,V01,V01,Vibration,0.323945872,0.3877597,4.118377454,0.583015488,1.196819208,4.140008975,61.43704111,31,LOT01,P12B000018,Substrate,TransArm,PJ1,CJ1,RCP01
Robot02,V01,V01,Vibration,0.31116518,0.392479953,4.118546977,0.582904959,1.204673359,4.141155247,61.51827396,30,LOT01,P12B000018,Substrate,TransArm,PJ1,CJ1,RCP01
Robot02,V01,V01,Vibration,0.293271007,0.412201061,4.118606107,0.590394943,1.209788205,4.154138852,61.62284411,32,LOT01,P12B000018,Substrate,TransArm,PJ1,CJ1,RCP01
Robot02,V01,V01,Vibration,0.27870353,0.436587003,4.118523366,0.603992367,1.208335131,4.17367328,61.71991038,30,LOT01,P12B000018,Substrate,TransArm,PJ1,CJ1,RCP01
Robot02,V01,V01,Vibration,0.274999069,0.455411072,4.118286227,0.62242788,1.194434922,4.194092386,61.77980459,31,LOT01,P12B000018,Substrate,TransArm,PJ1,CJ1,RCP01
Robot02,V01,V01,Vibration,0.2834767,0.462871515,4.118030901,0.643708476,1.168751434,4.212032721,61.78902105,30,LOT01,P12B000018,Substrate,TransArm,PJ1,CJ1,RCP01
Robot02,V01,V01,Vibration,0.301651557,0.459222858,4.118180386,0.663348999,1.135347672,4.226091907,61.74929871,30.5,LOT01,P12B000019,Substrate,TransArm,PJ1,CJ1,RCP01
Robot02,V01,V01,Vibration,0.319158846,0.447683358,4.119417648,0.67698758,1.101473391,4.234954151,61.68597906,31,LOT01,P12B000019,Substrate,TransArm,PJ1,CJ1,RCP01
Robot02,V01,V01,Vibration,0.323453247,0.433907276,4.122316876,0.679834607,1.075455941,4.238433716,61.61746864,31.5,LOT01,P12B000019,Substrate,TransArm,PJ1,CJ1,RCP01
Robot02,V01,V01,Vibration,0.313260661,0.421617997,4.126809111,0.670990093,1.061730103,4.23699516,61.55488537,31.5,LOT01,P12B000019,Substrate,TransArm,PJ1,CJ1,RCP01
Robot02,V01,V01,Vibration,0.295122713,0.413999288,4.131827667,0.654819576,1.060706076,4.232419502,61.49416457,30,LOT01,P12B000019,Substrate,TransArm,PJ1,CJ1,RCP01
Robot02,V01,V01,Vibration,0.283256575,0.416882867,4.135466262,0.639675586,1.070086085,4.227925193,61.42942687,31,LOT01,P12B000019,Substrate,TransArm,PJ1,CJ1,RCP01
Robot02,V01,V01,Vibration,0.293249477,0.434890955,4.136010657,0.634058124,1.087255438,4.2263798,61.34582098,31,LOT01,P12B000019,Substrate,TransArm,PJ1,CJ1,RCP01
Robot02,V01,V01,Vibration,0.322784196,0.46872478,4.132858198,0.640922212,1.10945131,4.22885214,61.24437792,31,LOT01,P12B000019,Substrate,TransArm,PJ1,CJ1,RCP01
Robot02,V01,V01,Vibration,0.365585777,0.508271328,4.127413178,0.654836175,1.132936803,4.233456998,61.14604474,32,LOT01,P12B000019,Substrate,TransArm,PJ1,CJ1,RCP01
Robot02,V01,V01,Vibration,0.397198029,0.539519552,4.122345767,0.665480298,1.152047567,4.236040294,61.09081009,30,LOT01,P12B000019,Substrate,TransArm,PJ1,CJ1,RCP01
Robot02,V01,V01,Vibration,0.394948717,0.55071154,4.120210369,0.661915089,1.162009761,4.232390377,61.11137681,30,LOT01,P12B000019,Substrate,TransArm,PJ1,CJ1,RCP01
Robot02,V01,V01,Vibration,0.350032724,0.534780298,4.121875622,0.642213311,1.161649237,4.222802804,61.21552891,30,LOT01,P12B000019,Substrate,TransArm,PJ1,CJ1,RCP01
Robot02,V01,V01,Vibration,0.281886547,0.498787761,4.126502665,0.610515998,1.152345737,4.209116878,61.37427462,30,LOT01,P12B000019,Substrate,TransArm,PJ1,CJ1,RCP01
Robot02,V01,V01,Vibration,0.219560281,0.45594566,4.130622203,0.579571245,1.139025449,4.197774609,61.52939955,30,LOT01,P12B000019,Substrate,TransArm,PJ1,CJ1,RCP01
Robot02,V01,V01,Vibration,0.195833376,0.420274029,4.131602981,0.561718741,1.126300946,4.195190434,61.62069893,30,LOT01,P12B000019,Substrate,TransArm,PJ1,CJ1,RCP01
Robot02,V01,V01,Vibration,0.219072681,0.400891614,4.128085074,0.562856748,1.117183823,4.204807357,61.62042591,31,LOT01,P12B000019,Substrate,TransArm,PJ1,CJ1,RCP01
Robot02,V01,V01,Vibration,0.278275374,0.39730032,4.122235744,0.580413059,1.111575658,4.220327054,61.54652509,31,LOT01,P12B000019,Substrate,TransArm,PJ1,CJ1,RCP01
Robot02,V01,V01,Vibration,0.3431054,0.406842673,4.116289104,0.606051012,1.109284893,4.232202651,61.42189832,31,LOT01,P12B000019,Substrate,TransArm,PJ1,CJ1,RCP01
Robot02,V01,V01,Vibration,0.384404757,0.424681229,4.113684841,0.635189327,1.107320512,4.238168584,61.29213489,31,LOT01,P12B000019,Substrate,TransArm,PJ1,CJ1,RCP01
Robot02,V01,V01,Vibration,0.390055407,0.448949774,4.116615098,0.656478988,1.106025611,4.233919031,61.19644204,30,LOT01,P12B000019,Substrate,TransArm,PJ1,CJ1,RCP01
Robot02,V01,V01,Vibration,0.349495605,0.480101354,4.123677308,0.655951391,1.096346373,4.226298319,61.22085349,32,LOT01,P12B000019,Substrate,TransArm,PJ1,CJ1,RCP01
Robot02,V01,V01,Vibration,0.271050462,0.519695444,4.137609698,0.63071316,1.089599688,4.229932199,61.29300653,31.5,LOT01,P12B000019,Substrate,TransArm,PJ1,CJ1,RCP01
Robot02,V01,V01,Vibration,0.243931152,0.533841194,4.144537272,0.626522888,1.08611257,4.233873138,61.5416399,30,LOT01,P12B000019,Substrate,TransArm,PJ1,CJ1,RCP01
